third_party,rep_inc_party,dem_inc,rep_inc,dem_inc_party,july_dem,jul_rep,aug_dem,aug_rep,sep_dem,sep_rep,oct_dem,oct_rep,unem_dec_t_1,unem_per_change_t_2_t_1,GDP_per_change_t_1,inflation_t_1,last_recession,greatwar_years,avg_pres_approval,int_pres_approval_dem_inc,int_pres_approval_dem_inc_party,state_gdp,state_gdp_per_cap,pop_density,region_ne,region_mw,region_s,region_w,prog,trad,moral,ind,lag_dem_per,lag2_dem_per,counter,int_south_year,lag_citi,lag_nom
0,1,0,1,0,37,56,30.5,60.5,33,61,35,59.5,6,-0.1,3.3,3.3,2,1,55.8,0,0,13600000000,3860,67.16892976,0,0,1,0,0,0,0,0,18.7,0,14,14,6.310116768,58.31417084
0,1,0,0,0,62,29,52.5,34,51,40,47.33,45,4.9,-0.3,5.6,8.7,1,0,47.2,0,0,21300000000,5830,69.68704925,0,0,1,0,0,0,0,0,25.5,18.7,18,18,15.88528061,56.23742676
1,0,1,0,1,35,34.75,35.67,40.67,35.67,40.67,44.33,42,6,0,3.2,13.3,0,0,45.5,45.5,45.5,33700000000,8650,74.30360165,0,0,1,0,0,0,0,0,55.7,25.5,22,22,25.33955574,57.74647903
0,1,0,1,0,41,53,38.5,55.25,38.5,55.25,39.33,57.67,8.3,-2.5,4.6,3.8,2,0,50.3,0,0,45700000000,11500,76.13496128,0,0,1,0,0,0,0,0,47.4,55.7,26,26,29.22126961,56.63983917
0,1,0,0,0,50.5,39,49,42,41.5,48,40,50,5.7,-0.9,3.5,4.4,6,0,55.3,0,0,60800000000,14800,78.27154752,0,0,1,0,0,0,0,0,38.3,47.4,30,30,28.21488953,54.59423065
1,1,0,1,0,52.25,37.5,52.67,39.33,52,38.8,44.92,33.83,7.3,1,-0.1,3.1,1,0,60.9,0,0,76000000000,18400,78.93923072,0,0,1,0,0,0,0,0,39.9,38.3,34,34,45.0299263,42.46370697
1,0,1,0,1,50,34,51.2,35.8,52.77,35.23,52.2,35.8,5.6,0.1,2.7,2.5,5,0,49.6,49.6,49.6,95800000000,22300,81.85796013,0,0,1,0,0,0,0,0,40.9,39.9,38,38,39.6221199,42.75114822
0,0,0,0,1,41,47.5,42,50.25,43.62,47.23,43.73,46.87,4,-0.4,4.8,2.7,9,0,60.6,0,60.6,1.15E+11,25900,84.83391953,0,0,1,0,0,0,0,0,43.2,40.9,42,42,29.3992424,45.52942657
0,1,0,1,0,47.33,47.33,46,48,44.5,52,47.4,49.8,5.7,-0.3,2.9,1.9,3,1,62.2,0,0,1.34E+11,29700,86.01667262,0,0,1,0,0,0,0,0,41.6,43.2,46,46,32.0957489,67.07746887
0,1,0,0,0,46.5,42.5,47.67,43,46.67,46.33,51.8,41.6,5,0.6,1.9,4.1,0,1,36.5,0,0,1.70E+11,36300,89.22155197,0,0,1,0,0,0,0,0,36.8,41.6,50,50,39.14337921,44.6177063
0,0,1,0,1,47.25,45,46.33,46,49.67,44,48,47.25,8.5,-0.8,1.6,3,3,0,49.1,49.1,49.1,1.81E+11,37600,91.87320811,0,0,1,0,0,0,0,0,39,36.8,54,54,48.36923981,44.32643509
0,0,0,0,1,40.33,38.33,42.67,37.33,42.33,40,45.25,40.25,5,-0.6,2.9,0.7,7,0,46.7,0,46.7,2.00E+11,41100,92.80796458,0,0,1,0,0,0,0,0,38,39,58,58,37.59914017,28.40795135
0,1,0,1,0,37,56,30.5,60.5,33,61,35,59.5,6,-0.1,3.3,3.3,2,1,55.8,0,0,2540000000,7820,0.488439729,0,0,0,1,0,0,0,0,42.6,65.9,14,0,55.37985611,45.02012253
0,1,0,0,0,62,29,52.5,34,51,40,47.33,45,4.9,-0.3,5.6,8.7,1,0,47.2,0,0,6220000000,15200,0.613179721,0,0,0,1,0,0,0,0,34.6,42.6,18,0,73.82514191,67.43586731
1,0,1,0,1,35,34.75,35.67,40.67,35.67,40.67,44.33,42,6,0,3.2,13.3,0,0,45.5,45.5,45.5,10900000000,27000,0.605665264,0,0,0,1,0,0,0,0,35.7,34.6,22,0,39.68947601,50.69165039
0,1,0,1,0,41,53,38.5,55.25,38.5,55.25,39.33,57.67,8.3,-2.5,4.6,3.8,2,0,50.3,0,0,22600000000,44800,0.758960194,0,0,0,1,0,0,0,0,26.4,35.7,26,0,42.22034073,45.33450699
0,1,0,0,0,50.5,39,49,42,41.5,48,40,50,5.7,-0.9,3.5,4.4,6,0,55.3,0,0,22900000000,43600,0.789018023,0,0,0,1,0,0,0,0,29.9,26.4,30,0,46.16183853,56.31931686
1,1,0,1,0,52.25,37.5,52.67,39.33,52,38.8,44.92,33.83,7.3,1,-0.1,3.1,1,0,60.9,0,0,22300000000,37900,0.883700186,0,0,0,1,0,0,0,0,36.3,29.9,34,0,52.98939896,57.88622284
1,0,1,0,1,50,34,51.2,35.8,52.77,35.23,52.2,35.8,5.6,0.1,2.7,2.5,5,0,49.6,49.6,49.6,25400000000,42000,0.909249341,0,0,0,1,0,0,0,0,30.3,36.3,38,0,52.37739563,53.50593948
0,0,0,0,1,41,47.5,42,50.25,43.62,47.23,43.73,46.87,4,-0.4,4.8,2.7,9,0,60.6,0,60.6,24700000000,39400,0.942312954,0,0,0,1,0,0,0,0,33.3,30.3,42,0,36.71976471,54.70424271
0,1,0,1,0,47.33,47.33,46,48,44.5,52,47.4,49.8,5.7,-0.3,2.9,1.9,3,1,62.2,0,0,31800000000,48000,0.994914155,0,0,0,1,0,0,0,0,27.7,33.3,46,0,21.37312698,51.57802963
0,1,0,0,0,46.5,42.5,47.67,43,46.67,46.33,51.8,41.6,5,0.6,1.9,4.1,0,1,36.5,0,0,49000000000,71200,1.033989333,0,0,0,1,0,0,0,0,35.5,27.7,50,0,42.30954742,37.97787094
0,0,1,0,1,47.25,45,46.33,46,49.67,44,48,47.25,8.5,-0.8,1.6,3,3,0,49.1,49.1,49.1,56300000000,77000,1.098613667,0,0,0,1,0,0,0,0,38,35.5,54,0,66.86994171,39.47597504
0,0,0,0,1,40.33,38.33,42.67,37.33,42.33,40,45.25,40.25,5,-0.6,2.9,0.7,7,0,46.7,0,46.7,50600000000,68200,1.115145473,0,0,0,1,0,0,0,0,41,38,58,0,53.8236351,41.7831955
0,1,0,1,0,37,56,30.5,60.5,33,61,35,59.5,6,-0.1,3.3,3.3,2,1,55.8,0,0,9650000000,4920,17.22076352,0,0,0,1,0,0,0,0,35,49.5,14,0,25.90307999,34.63223267
0,1,0,0,0,62,29,52.5,34,51,40,47.33,45,4.9,-0.3,5.6,8.7,1,0,47.2,0,0,15300000000,6800,19.72974893,0,0,0,1,0,0,0,0,31.9,35,18,0,49.73628616,28.26249695
1,0,1,0,1,35,34.75,35.67,40.67,35.67,40.67,44.33,42,6,0,3.2,13.3,0,0,45.5,45.5,45.5,27500000000,10100,23.9581789,0,0,0,1,0,0,0,0,39.8,31.9,22,0,34.55392456,60.63179016
0,1,0,1,0,41,53,38.5,55.25,38.5,55.25,39.33,57.67,8.3,-2.5,4.6,3.8,2,0,50.3,0,0,39800000000,13100,26.7303446,0,0,0,1,0,0,0,0,28.2,39.8,26,0,25.54714203,43.04381561
0,1,0,0,0,50.5,39,49,42,41.5,48,40,50,5.7,-0.9,3.5,4.4,6,0,55.3,0,0,60000000000,17200,30.55523145,0,0,0,1,0,0,0,0,32.5,28.2,30,0,41.09173584,43.8359375
1,1,0,1,0,52.25,37.5,52.67,39.33,52,38.8,44.92,33.83,7.3,1,-0.1,3.1,1,0,60.9,0,0,73400000000,19200,33.61689547,0,0,0,1,0,0,0,0,38.7,32.5,34,0,37.73720169,41.43862915
1,0,1,0,1,50,34,51.2,35.8,52.77,35.23,52.2,35.8,5.6,0.1,2.7,2.5,5,0,49.6,49.6,49.6,1.10E+11,24800,38.88050124,0,0,0,1,0,0,0,0,36.5,38.7,38,0,43.20975876,36.74491119
0,0,0,0,1,41,47.5,42,50.25,43.62,47.23,43.73,46.87,4,-0.4,4.8,2.7,9,0,60.6,0,60.6,1.55E+11,30200,45.01260195,0,0,0,1,0,0,0,0,46.5,36.5,42,0,36.16747665,21.31359863
0,1,0,1,0,47.33,47.33,46,48,44.5,52,47.4,49.8,5.7,-0.3,2.9,1.9,3,1,62.2,0,0,1.93E+11,33600,50.3902525,0,0,0,1,0,0,0,0,44.7,46.5,46,0,40.23054123,24.62441444
0,1,0,0,0,46.5,42.5,47.67,43,46.67,46.33,51.8,41.6,5,0.6,1.9,4.1,0,1,36.5,0,0,2.62E+11,40300,57.01362309,0,0,0,1,0,0,0,0,44.4,44.7,50,0,47.75081635,50.40283585
0,0,1,0,1,47.25,45,46.33,46,49.67,44,48,47.25,8.5,-0.8,1.6,3,3,0,49.1,49.1,49.1,2.58E+11,39400,57.48734761,0,0,0,1,0,0,0,0,45,44.4,54,0,48.54311371,46.1085968
0,0,0,0,1,40.33,38.33,42.67,37.33,42.33,40,45.25,40.25,5,-0.6,2.9,0.7,7,0,46.7,0,46.7,2.97E+11,42800,60.92623671,0,0,0,1,0,0,0,0,45,45,58,0,47.18231201,17.51221466
0,1,0,1,0,37,56,30.5,60.5,33,61,35,59.5,6,-0.1,3.3,3.3,2,1,55.8,0,0,7440000000,3710,37.7595854,0,0,1,0,0,0,0,0,30.4,56.1,14,14,8.87907505,48.01307678
0,1,0,0,0,62,29,52.5,34,51,40,47.33,45,4.9,-0.3,5.6,8.7,1,0,47.2,0,0,11900000000,5620,39.80928401,0,0,1,0,0,0,0,0,30.7,30.4,18,18,24.76906586,63.19919586
1,0,1,0,1,35,34.75,35.67,40.67,35.67,40.67,44.33,42,6,0,3.2,13.3,0,0,45.5,45.5,45.5,19100000000,8310,43.23171655,0,0,1,0,0,0,0,0,65,30.7,22,22,31.96544456,62.8571434
0,1,0,1,0,41,53,38.5,55.25,38.5,55.25,39.33,57.67,8.3,-2.5,4.6,3.8,2,0,50.3,0,0,25300000000,10800,44.11553154,0,0,1,0,0,0,0,0,47.5,65,26,26,28.93621826,66.75050354
0,1,0,0,0,50.5,39,49,42,41.5,48,40,50,5.7,-0.9,3.5,4.4,6,0,55.3,0,0,32700000000,13600,45.05576026,0,0,1,0,0,0,0,0,38.3,47.5,30,30,35.22524261,66.75050354
1,1,0,1,0,52.25,37.5,52.67,39.33,52,38.8,44.92,33.83,7.3,1,-0.1,3.1,1,0,60.9,0,0,41600000000,17400,45.01815112,0,0,1,0,0,0,0,0,42.2,38.3,34,34,56.59660721,63.49094391
1,0,1,0,1,50,34,51.2,35.8,52.77,35.23,52.2,35.8,5.6,0.1,2.7,2.5,5,0,49.6,49.6,49.6,54600000000,21800,47.10545887,0,0,1,0,0,0,0,0,53.2,42.2,38,38,45.69465637,66.43862915
0,0,0,0,1,41,47.5,42,50.25,43.62,47.23,43.73,46.87,4,-0.4,4.8,2.7,9,0,60.6,0,60.6,66800000000,25000,50.26462737,0,0,1,0,0,0,0,0,53.7,53.2,42,42,35.48787308,55.60865021
0,1,0,1,0,47.33,47.33,46,48,44.5,52,47.4,49.8,5.7,-0.3,2.9,1.9,3,1,62.2,0,0,78200000000,28500,51.58094758,0,0,1,0,0,0,0,0,45.9,53.7,46,46,33.54799271,46.10160828
0,1,0,0,0,46.5,42.5,47.67,43,46.67,46.33,51.8,41.6,5,0.6,1.9,4.1,0,1,36.5,0,0,96900000000,33800,53.93151938,0,0,1,0,0,0,0,0,44.5,45.9,50,50,52.6281395,45.35713959
0,0,1,0,1,47.25,45,46.33,46,49.67,44,48,47.25,8.5,-0.8,1.6,3,3,0,49.1,49.1,49.1,1.06E+11,35900,55.45468991,0,0,1,0,0,0,0,0,39,44.5,54,54,57.6329689,61.13682175
0,0,0,0,1,40.33,38.33,42.67,37.33,42.33,40,45.25,40.25,5,-0.6,2.9,0.7,7,0,46.7,0,46.7,1.18E+11,39500,56.22567746,0,0,1,0,0,0,0,0,37,39,58,58,30.13773155,57.54805374
0,1,0,1,0,37,56,30.5,60.5,33,61,35,59.5,6,-0.1,3.3,3.3,2,1,55.8,0,0,1.20E+11,5880,124.6222084,0,0,0,1,0,0,0,0,44.7,59.1,14,0,53.98829651,48.0623703
0,1,0,0,0,62,29,52.5,34,51,40,47.33,45,4.9,-0.3,5.6,8.7,1,0,47.2,0,0,1.78E+11,8280,131.3420333,0,0,0,1,0,0,0,0,41.5,44.7,18,0,53.46697617,48.80111313
1,0,1,0,1,35,34.75,35.67,40.67,35.67,40.67,44.33,42,6,0,3.2,13.3,0,0,45.5,45.5,45.5,2.93E+11,12300,145.3925765,0,0,0,1,0,0,0,0,47.6,41.5,22,0,53.27852249,72.85546875
0,1,0,1,0,41,53,38.5,55.25,38.5,55.25,39.33,57.67,8.3,-2.5,4.6,3.8,2,0,50.3,0,0,4.26E+11,16500,157.61044,0,0,0,1,0,0,0,0,35.9,47.6,26,0,48.56583023,72.76622772
0,1,0,0,0,50.5,39,49,42,41.5,48,40,50,5.7,-0.9,3.5,4.4,6,0,55.3,0,0,6.15E+11,21700,172.8827695,0,0,0,1,0,0,0,0,41.3,35.9,30,0,50.7861557,50.43315506
1,1,0,1,0,52.25,37.5,52.67,39.33,52,38.8,44.92,33.83,7.3,1,-0.1,3.1,1,0,60.9,0,0,7.90E+11,25600,188.7659921,0,0,0,1,0,0,0,0,47.6,41.3,34,0,56.6052475,47.74895096
1,0,1,0,1,50,34,51.2,35.8,52.77,35.23,52.2,35.8,5.6,0.1,2.7,2.5,5,0,49.6,49.6,49.6,9.12E+11,28700,194.2640307,0,0,0,1,0,0,0,0,46,47.6,38,0,52.47206879,49.33556366
0,0,0,0,1,41,47.5,42,50.25,43.62,47.23,43.73,46.87,4,-0.4,4.8,2.7,9,0,60.6,0,60.6,1.25E+12,36900,207.0927875,0,0,0,1,0,0,0,0,51.1,46,42,0,50.29655075,40.91232681
0,1,0,1,0,47.33,47.33,46,48,44.5,52,47.4,49.8,5.7,-0.3,2.9,1.9,3,1,62.2,0,0,1.53E+12,42900,218.0888647,0,0,0,1,0,0,0,0,53.4,51.1,46,0,51.14085388,71.40757751
0,1,0,0,0,46.5,42.5,47.67,43,46.67,46.33,51.8,41.6,5,0.6,1.9,4.1,0,1,36.5,0,0,1.96E+12,53600,223.5869033,0,0,0,1,0,0,0,0,54.3,53.4,50,0,59.10036087,49.32379913
0,0,1,0,1,47.25,45,46.33,46,49.67,44,48,47.25,8.5,-0.8,1.6,3,3,0,49.1,49.1,49.1,2.05E+12,53800,232.750301,0,0,0,1,0,0,0,0,61,54.3,54,0,63.88233566,48.24859619
0,0,0,0,1,40.33,38.33,42.67,37.33,42.33,40,45.25,40.25,5,-0.6,2.9,0.7,7,0,46.7,0,46.7,2.56E+12,65300,239.4701259,0,0,0,1,0,0,0,0,60,61,58,0,56.40411377,71.49246979
0,1,0,1,0,37,56,30.5,60.5,33,61,35,59.5,6,-0.1,3.3,3.3,2,1,55.8,0,0,12000000000,5080,22.71031466,0,0,0,1,0,0,0,0,41.3,61.3,14,0,50.8003273,37.1120491
0,1,0,0,0,62,29,52.5,34,51,40,47.33,45,4.9,-0.3,5.6,8.7,1,0,47.2,0,0,20200000000,7840,24.73733513,0,0,0,1,0,0,0,0,34.6,41.3,18,0,32.25026703,36.97338104
1,0,1,0,1,35,34.75,35.67,40.67,35.67,40.67,44.33,42,6,0,3.2,13.3,0,0,45.5,45.5,45.5,33800000000,11600,27.88834326,0,0,0,1,0,0,0,0,42.6,34.6,22,0,45.44014359,60.64551544
0,1,0,1,0,41,53,38.5,55.25,38.5,55.25,39.33,57.67,8.3,-2.5,4.6,3.8,2,0,50.3,0,0,50700000000,15900,30.63586864,0,0,0,1,0,0,0,0,31.1,42.6,26,0,38.38920212,49.09166718
0,1,0,0,0,50.5,39,49,42,41.5,48,40,50,5.7,-0.9,3.5,4.4,6,0,55.3,0,0,63900000000,19400,31.7022159,0,0,0,1,0,0,0,0,35.1,31.1,30,0,40.36096191,45.66147614
1,1,0,1,0,52.25,37.5,52.67,39.33,52,38.8,44.92,33.83,7.3,1,-0.1,3.1,1,0,60.9,0,0,79800000000,23000,33.28732669,0,0,0,1,0,0,0,0,45.3,35.1,34,0,51.12382507,43.03948975
1,0,1,0,1,50,34,51.2,35.8,52.77,35.23,52.2,35.8,5.6,0.1,2.7,2.5,5,0,49.6,49.6,49.6,1.13E+11,29600,36.64007619,0,0,0,1,0,0,0,0,40.1,45.3,38,0,47.75738525,43.24978638
0,0,0,0,1,41,47.5,42,50.25,43.62,47.23,43.73,46.87,4,-0.4,4.8,2.7,9,0,60.6,0,60.6,1.64E+11,38100,41.31855472,0,0,0,1,0,0,0,0,44.4,40.1,42,0,45.85009384,46.23502731
0,1,0,1,0,47.33,47.33,46,48,44.5,52,47.4,49.8,5.7,-0.3,2.9,1.9,3,1,62.2,0,0,1.96E+11,42500,44.2774282,0,0,0,1,0,0,0,0,42.4,44.4,46,0,42.85548782,24.52979851
0,1,0,0,0,46.5,42.5,47.67,43,46.67,46.33,51.8,41.6,5,0.6,1.9,4.1,0,1,36.5,0,0,2.46E+11,49800,47.40922287,0,0,0,1,0,0,0,0,47,42.4,50,0,54.65549469,29.10277557
0,0,1,0,1,47.25,45,46.33,46,49.67,44,48,47.25,8.5,-0.8,1.6,3,3,0,49.1,49.1,49.1,2.64E+11,50800,49.87815301,0,0,0,1,0,0,0,0,54,47,54,0,54.17156219,64.17727661
0,0,0,0,1,40.33,38.33,42.67,37.33,42.33,40,45.25,40.25,5,-0.6,2.9,0.7,7,0,46.7,0,46.7,3.18E+11,57400,53.23090251,0,0,0,1,0,0,0,0,52,54,58,0,46.65655136,57.59464645
0,1,0,1,0,37,56,30.5,60.5,33,61,35,59.5,6,-0.1,3.3,3.3,2,1,55.8,0,0,17100000000,5550,555.6146848,1,0,0,0,0,0,0,0,49.5,67.8,14,0,67.4718399,65.36360931
0,1,0,0,0,62,29,52.5,34,51,40,47.33,45,4.9,-0.3,5.6,8.7,1,0,47.2,0,0,24000000000,7740,559.5833611,1,0,0,0,0,0,0,0,40.1,49.5,18,0,64.58316803,54.94131088
1,0,1,0,1,35,34.75,35.67,40.67,35.67,40.67,44.33,42,6,0,3.2,13.3,0,0,45.5,45.5,45.5,36900000000,11800,561.7480937,1,0,0,0,0,0,0,0,46.9,40.1,22,0,66.67586517,66.38833618
0,1,0,1,0,41,53,38.5,55.25,38.5,55.25,39.33,57.67,8.3,-2.5,4.6,3.8,2,0,50.3,0,0,55500000000,17500,571.3089957,1,0,0,0,0,0,0,0,38.5,46.9,26,0,71.0378418,66.59959412
0,1,0,0,0,50.5,39,49,42,41.5,48,40,50,5.7,-0.9,3.5,4.4,6,0,55.3,0,0,83000000000,25700,583.0346303,1,0,0,0,0,0,0,0,38.8,38.5,30,0,73.1798172,67.80319977
1,1,0,1,0,52.25,37.5,52.67,39.33,52,38.8,44.92,33.83,7.3,1,-0.1,3.1,1,0,60.9,0,0,1.01E+11,30800,591.5131661,1,0,0,0,0,0,0,0,46.9,38.8,34,0,81.91377258,68.48591614
1,0,1,0,1,50,34,51.2,35.8,52.77,35.23,52.2,35.8,5.6,0.1,2.7,2.5,5,0,49.6,49.6,49.6,1.23E+11,37700,588.8072504,1,0,0,0,0,0,0,0,42.2,46.9,38,0,66.20410156,58.73685837
0,0,0,0,1,41,47.5,42,50.25,43.62,47.23,43.73,46.87,4,-0.4,4.8,2.7,9,0,60.6,0,60.6,1.52E+11,44600,614.4232521,1,0,0,0,0,0,0,0,52.8,42.2,42,0,58.97499847,49.39030075
0,1,0,1,0,47.33,47.33,46,48,44.5,52,47.4,49.8,5.7,-0.3,2.9,1.9,3,1,62.2,0,0,1.81E+11,52000,628.1332249,1,0,0,0,0,0,0,0,55.9,52.8,46,0,59.86682892,53.38777924
0,1,0,0,0,46.5,42.5,47.67,43,46.67,46.33,51.8,41.6,5,0.6,1.9,4.1,0,1,36.5,0,0,2.38E+11,67900,631.9215068,1,0,0,0,0,0,0,0,54.3,55.9,50,0,75.97005463,54.33629227
0,0,1,0,1,47.25,45,46.33,46,49.67,44,48,47.25,8.5,-0.8,1.6,3,3,0,49.1,49.1,49.1,2.37E+11,65900,648.3373952,1,0,0,0,0,0,0,0,61,54.3,54,0,90.44839478,54.93796158
0,0,0,0,1,40.33,38.33,42.67,37.33,42.33,40,45.25,40.25,5,-0.6,2.9,0.7,7,0,46.7,0,46.7,2.60E+11,72600,645.6314795,1,0,0,0,0,0,0,0,58,61,58,0,72.14933777,66.5636673
0,1,0,1,0,37,56,30.5,60.5,33,61,35,59.5,6,-0.1,3.3,3.3,2,1,55.8,0,0,3620000000,6340,229.4352117,0,0,1,0,0,0,0,0,41.6,60.9,14,14,55.90760803,53.85914993
0,1,0,0,0,62,29,52.5,34,51,40,47.33,45,4.9,-0.3,5.6,8.7,1,0,47.2,0,0,5030000000,8640,233.8551545,0,0,1,0,0,0,0,0,39.2,41.6,18,18,56.41047287,39.16648865
1,0,1,0,1,35,34.75,35.67,40.67,35.67,40.67,44.33,42,6,0,3.2,13.3,0,0,45.5,45.5,45.5,7300000000,12200,239.4805362,0,0,1,0,0,0,0,0,52,39.2,22,22,51.01372528,65.59356689
0,1,0,1,0,41,53,38.5,55.25,38.5,55.25,39.33,57.67,8.3,-2.5,4.6,3.8,2,0,50.3,0,0,10600000000,17300,246.7131698,0,0,1,0,0,0,0,0,44.8,52,26,26,49.82942963,47.63968277
0,1,0,0,0,50.5,39,49,42,41.5,48,40,50,5.7,-0.9,3.5,4.4,6,0,55.3,0,0,15600000000,23600,265.1965669,0,0,1,0,0,0,0,0,39.9,44.8,30,30,43.85702515,48.70251846
1,1,0,1,0,52.25,37.5,52.67,39.33,52,38.8,44.92,33.83,7.3,1,-0.1,3.1,1,0,60.9,0,0,21700000000,31400,277.6527693,0,0,1,0,0,0,0,0,43.5,39.9,34,34,48.76587677,44.24372101
1,0,1,0,1,50,34,51.2,35.8,52.77,35.23,52.2,35.8,5.6,0.1,2.7,2.5,5,0,49.6,49.6,49.6,27700000000,38100,292.1180366,0,0,1,0,0,0,0,0,43.5,43.5,38,38,59.66369247,42.97881699
0,0,0,0,1,41,47.5,42,50.25,43.62,47.23,43.73,46.87,4,-0.4,4.8,2.7,9,0,60.6,0,60.6,40400000000,51500,315.0213765,0,0,1,0,0,0,0,0,51.8,43.5,42,42,45.69466782,58.49472046
0,1,0,1,0,47.33,47.33,46,48,44.5,52,47.4,49.8,5.7,-0.3,2.9,1.9,3,1,62.2,0,0,47800000000,57700,332.7011476,0,0,1,0,0,0,0,0,55,51.8,46,46,44.2456665,58.49472046
0,1,0,0,0,46.5,42.5,47.67,43,46.67,46.33,51.8,41.6,5,0.6,1.9,4.1,0,1,36.5,0,0,56300000000,64300,351.9881706,0,0,1,0,0,0,0,0,53.3,55,50,50,66.86309052,56.10538101
0,0,1,0,1,47.25,45,46.33,46,49.67,44,48,47.25,8.5,-0.8,1.6,3,3,0,49.1,49.1,49.1,60400000000,65900,368.4625028,0,0,1,0,0,0,0,0,62,53.3,54,54,81.89648438,57.6125946
0,0,0,0,1,40.33,38.33,42.67,37.33,42.33,40,45.25,40.25,5,-0.6,2.9,0.7,7,0,46.7,0,46.7,70900000000,74700,381.3205182,0,0,1,0,0,0,0,0,59,62,58,58,62.97541428,61.13346863
0,1,0,1,0,37,56,30.5,60.5,33,61,35,59.5,6,-0.1,3.3,3.3,2,1,55.8,0,0,34200000000,4650,111.7283603,0,0,1,0,0,0,0,0,30.9,51.1,14,14,17.09713554,46.64601135
0,1,0,0,0,62,29,52.5,34,51,40,47.33,45,4.9,-0.3,5.6,8.7,1,0,47.2,0,0,55300000000,6620,127.0269489,0,0,1,0,0,0,0,0,27.8,30.9,18,18,24.97889137,58.61669922
1,0,1,0,1,35,34.75,35.67,40.67,35.67,40.67,44.33,42,6,0,3.2,13.3,0,0,45.5,45.5,45.5,86300000000,8740,150.15732,0,0,1,0,0,0,0,0,51.9,27.8,22,22,34.13311768,59.88011551
0,1,0,1,0,41,53,38.5,55.25,38.5,55.25,39.33,57.67,8.3,-2.5,4.6,3.8,2,0,50.3,0,0,1.37E+11,12300,168.8015244,0,0,1,0,0,0,0,0,38.5,51.9,26,26,31.86848068,60.75380707
0,1,0,0,0,50.5,39,49,42,41.5,48,40,50,5.7,-0.9,3.5,4.4,6,0,55.3,0,0,2.05E+11,16700,187.0503378,0,0,1,0,0,0,0,0,34.7,38.5,30,30,35.34601593,60.48792648
1,1,0,1,0,52.25,37.5,52.67,39.33,52,38.8,44.92,33.83,7.3,1,-0.1,3.1,1,0,60.9,0,0,2.68E+11,19900,205.2991513,0,0,1,0,0,0,0,0,38.5,34.7,34,34,41.69766617,46.1195755
1,0,1,0,1,50,34,51.2,35.8,52.77,35.23,52.2,35.8,5.6,0.1,2.7,2.5,5,0,49.6,49.6,49.6,3.47E+11,24100,218.9857614,0,0,1,0,0,0,0,0,39,38.5,38,38,44.75163651,61.57408142
0,0,0,0,1,41,47.5,42,50.25,43.62,47.23,43.73,46.87,4,-0.4,4.8,2.7,9,0,60.6,0,60.6,4.58E+11,28600,243.3175126,0,0,1,0,0,0,0,0,48,39,42,42,43.44601822,57.25102997
0,1,0,1,0,47.33,47.33,46,48,44.5,52,47.4,49.8,5.7,-0.3,2.9,1.9,3,1,62.2,0,0,5.84E+11,33800,263.0870605,0,0,1,0,0,0,0,0,48.8,48,46,46,41.81338882,29.73151398
0,1,0,0,0,46.5,42.5,47.67,43,46.67,46.33,51.8,41.6,5,0.6,1.9,4.1,0,1,36.5,0,0,7.69E+11,41800,279.8151395,0,0,1,0,0,0,0,0,47.1,48.8,50,50,41.48152161,29.47966003
0,0,1,0,1,47.25,45,46.33,46,49.67,44,48,47.25,8.5,-0.8,1.6,3,3,0,49.1,49.1,49.1,7.47E+11,38500,295.0224841,0,0,1,0,0,0,0,0,51,47.1,54,54,58.41699982,28.7815094
0,0,0,0,1,40.33,38.33,42.67,37.33,42.33,40,45.25,40.25,5,-0.6,2.9,0.7,7,0,46.7,0,46.7,8.95E+11,43400,313.2712975,0,0,1,0,0,0,0,0,50,51,58,58,44.70808792,26.96931458
0,1,0,1,0,37,56,30.5,60.5,33,61,35,59.5,6,-0.1,3.3,3.3,2,1,55.8,0,0,21600000000,4560,79.64641234,0,0,1,0,0,0,0,0,26.7,45.9,14,14,9.463387489,54.07444763
0,1,0,0,0,62,29,52.5,34,51,40,47.33,45,4.9,-0.3,5.6,8.7,1,0,47.2,0,0,32000000000,6420,83.8702132,0,0,1,0,0,0,0,0,24.6,26.7,18,18,9.923547745,54.60033035
1,0,1,0,1,35,34.75,35.67,40.67,35.67,40.67,44.33,42,6,0,3.2,13.3,0,0,45.5,45.5,45.5,51500000000,9390,92.25050336,0,0,1,0,0,0,0,0,66.7,24.6,22,22,25.750597,53.02230072
0,1,0,1,0,41,53,38.5,55.25,38.5,55.25,39.33,57.67,8.3,-2.5,4.6,3.8,2,0,50.3,0,0,76700000000,13100,98.32537234,0,0,1,0,0,0,0,0,55.8,66.7,26,26,25.42407036,50.75910187
0,1,0,0,0,50.5,39,49,42,41.5,48,40,50,5.7,-0.9,3.5,4.4,6,0,55.3,0,0,1.17E+11,18500,106.6720067,0,0,1,0,0,0,0,0,39.8,55.8,30,30,31.73471069,51.13864899
1,1,0,1,0,52.25,37.5,52.67,39.33,52,38.8,44.92,33.83,7.3,1,-0.1,3.1,1,0,60.9,0,0,1.48E+11,21900,113.9753118,0,0,1,0,0,0,0,0,39.5,39.8,34,34,40.53562927,58.40040207
1,0,1,0,1,50,34,51.2,35.8,52.77,35.23,52.2,35.8,5.6,0.1,2.7,2.5,5,0,49.6,49.6,49.6,2.03E+11,27700,123.4157592,0,0,1,0,0,0,0,0,43.5,39.5,38,38,44.47075272,58.59246445
0,0,0,0,1,41,47.5,42,50.25,43.62,47.23,43.73,46.87,4,-0.4,4.8,2.7,9,0,60.6,0,60.6,2.89E+11,35300,137.753123,0,0,1,0,0,0,0,0,45.8,43.5,42,42,38.90171814,65.73440552
0,1,0,1,0,47.33,47.33,46,48,44.5,52,47.4,49.8,5.7,-0.3,2.9,1.9,3,1,62.2,0,0,3.40E+11,38100,150.1216236,0,0,1,0,0,0,0,0,43,45.8,46,46,36.97908783,63.30303574
0,1,0,0,0,46.5,42.5,47.67,43,46.67,46.33,51.8,41.6,5,0.6,1.9,4.1,0,1,36.5,0,0,4.15E+11,42800,163.1968956,0,0,1,0,0,0,0,0,41.4,43,50,50,35.24056244,36.43751907
0,0,1,0,1,47.25,45,46.33,46,49.67,44,48,47.25,8.5,-0.8,1.6,3,3,0,49.1,49.1,49.1,4.30E+11,43400,166.8990318,0,0,1,0,0,0,0,0,47,41.4,54,54,48.5957222,20.72823143
0,0,0,0,1,40.33,38.33,42.67,37.33,42.33,40,45.25,40.25,5,-0.6,2.9,0.7,7,0,46.7,0,46.7,5.13E+11,49800,173.3272865,0,0,1,0,0,0,0,0,46,47,58,58,39.34202576,18.96378326
0,1,0,1,0,37,56,30.5,60.5,33,61,35,59.5,6,-0.1,3.3,3.3,2,1,55.8,0,0,5190000000,6360,74.64516105,0,0,0,1,0,0,0,0,59.8,78.8,14,0,80.93824005,70.10395813
0,1,0,0,0,62,29,52.5,34,51,40,47.33,45,4.9,-0.3,5.6,8.7,1,0,47.2,0,0,8170000000,9240,80.86559114,0,0,0,1,0,0,0,0,37.5,59.8,18,0,60.43705368,70.10395813
1,0,1,0,1,35,34.75,35.67,40.67,35.67,40.67,44.33,42,6,0,3.2,13.3,0,0,45.5,45.5,45.5,11900000000,12300,88.64112875,0,0,0,1,0,0,0,0,50.6,37.5,22,0,56.48719788,70.10395813
0,1,0,1,0,41,53,38.5,55.25,38.5,55.25,39.33,57.67,8.3,-2.5,4.6,3.8,2,0,50.3,0,0,17300000000,16700,94.77008193,0,0,0,1,0,0,0,0,44.8,50.6,26,0,60.26937866,67.22837067
0,1,0,0,0,50.5,39,49,42,41.5,48,40,50,5.7,-0.9,3.5,4.4,6,0,55.3,0,0,24300000000,22200,100.2586967,0,0,0,1,0,0,0,0,43.8,44.8,30,0,67.78714752,67.22837067
1,1,0,1,0,52.25,37.5,52.67,39.33,52,38.8,44.92,33.83,7.3,1,-0.1,3.1,1,0,60.9,0,0,34400000000,29800,105.7473115,0,0,0,1,0,0,0,0,54.3,43.8,34,0,81.08711243,68.52783203
1,0,1,0,1,50,34,51.2,35.8,52.77,35.23,52.2,35.8,5.6,0.1,2.7,2.5,5,0,49.6,49.6,49.6,37800000000,31800,108.5830958,0,0,0,1,0,0,0,0,48.1,54.3,38,0,75.20880127,70.96327972
0,0,0,0,1,41,47.5,42,50.25,43.62,47.23,43.73,46.87,4,-0.4,4.8,2.7,9,0,60.6,0,60.6,39300000000,32400,110.8700186,0,0,0,1,0,0,0,0,56.9,48.1,42,0,79.45465088,70.96327972
0,1,0,1,0,47.33,47.33,46,48,44.5,52,47.4,49.8,5.7,-0.3,2.9,1.9,3,1,62.2,0,0,48900000000,39000,114.712049,0,0,0,1,0,0,0,0,55.8,56.9,46,0,64.03957367,70.96327972
0,1,0,0,0,46.5,42.5,47.67,43,46.67,46.33,51.8,41.6,5,0.6,1.9,4.1,0,1,36.5,0,0,65200000000,50700,117.7307871,0,0,0,1,0,0,0,0,54,55.8,50,0,76.83985138,55.93685913
0,0,1,0,1,47.25,45,46.33,46,49.67,44,48,47.25,8.5,-0.8,1.6,3,3,0,49.1,49.1,49.1,70500000000,50600,127.4273399,0,0,0,1,0,0,0,0,72,54,54,0,84.46142578,56.77355957
0,0,0,0,1,40.33,38.33,42.67,37.33,42.33,40,45.25,40.25,5,-0.6,2.9,0.7,7,0,46.7,0,46.7,82700000000,57900,130.6290318,0,0,0,1,0,0,0,0,71,72,58,0,71.35577393,69.8993988
0,1,0,1,0,37,56,30.5,60.5,33,61,35,59.5,6,-0.1,3.3,3.3,2,1,55.8,0,0,3270000000,4330,9.034455979,0,0,0,1,0,0,0,0,30.7,50.9,14,0,36.02767944,27.41017723
0,1,0,0,0,62,29,52.5,34,51,40,47.33,45,4.9,-0.3,5.6,8.7,1,0,47.2,0,0,5830000000,7000,9.967816994,0,0,0,1,0,0,0,0,26,30.7,18,0,44.06499863,53.50675201
1,0,1,0,1,35,34.75,35.67,40.67,35.67,40.67,44.33,42,6,0,3.2,13.3,0,0,45.5,45.5,45.5,9290000000,9810,11.33196002,0,0,0,1,0,0,0,0,36.8,26,22,0,34.59527969,44.36619568
0,1,0,1,0,41,53,38.5,55.25,38.5,55.25,39.33,57.67,8.3,-2.5,4.6,3.8,2,0,50.3,0,0,11800000000,11800,11.95420069,0,0,0,1,0,0,0,0,25.2,36.8,26,0,31.71849442,47.19459534
0,1,0,0,0,50.5,39,49,42,41.5,48,40,50,5.7,-0.9,3.5,4.4,6,0,55.3,0,0,14000000000,14000,12.00206536,0,0,0,1,0,0,0,0,26.4,25.2,30,0,19.99264908,41.10640717
1,1,0,1,0,52.25,37.5,52.67,39.33,52,38.8,44.92,33.83,7.3,1,-0.1,3.1,1,0,60.9,0,0,18900000000,17700,12.75593387,0,0,0,1,0,0,0,0,36,26.4,34,0,29.32144165,37.88564301
1,0,1,0,1,50,34,51.2,35.8,52.77,35.23,52.2,35.8,5.6,0.1,2.7,2.5,5,0,49.6,49.6,49.6,27800000000,23400,14.1918739,0,0,0,1,0,0,0,0,28.4,36,38,0,40.72530365,43.8003006
0,0,0,0,1,41,47.5,42,50.25,43.62,47.23,43.73,46.87,4,-0.4,4.8,2.7,9,0,60.6,0,60.6,34100000000,26400,15.48421992,0,0,0,1,0,0,0,0,33.6,28.4,42,0,20.13241005,21.37827301
0,1,0,1,0,47.33,47.33,46,48,44.5,52,47.4,49.8,5.7,-0.3,2.9,1.9,3,1,62.2,0,0,40300000000,29000,16.65690427,0,0,0,1,0,0,0,0,27.6,33.6,46,0,17.7465992,23.47837067
0,1,0,0,0,46.5,42.5,47.67,43,46.67,46.33,51.8,41.6,5,0.6,1.9,4.1,0,1,36.5,0,0,53900000000,35300,18.28430296,0,0,0,1,0,0,0,0,30.3,27.6,50,0,18.98292542,24.79878998
0,0,1,0,1,47.25,45,46.33,46,49.67,44,48,47.25,8.5,-0.8,1.6,3,3,0,49.1,49.1,49.1,56500000000,35400,19.09800231,0,0,0,1,0,0,0,0,36,30.3,54,0,36.25172424,25.46529388
0,0,0,0,1,40.33,38.33,42.67,37.33,42.33,40,45.25,40.25,5,-0.6,2.9,0.7,7,0,46.7,0,46.7,66300000000,39400,20.13905883,0,0,0,1,0,0,0,0,33,36,58,0,27.13394928,22.53520966
0,1,0,1,0,37,56,30.5,60.5,33,61,35,59.5,6,-0.1,3.3,3.3,2,1,55.8,0,0,67400000000,6020,193.3917019,0,1,0,0,0,0,0,0,44.2,59.5,14,0,59.74371338,54.78107071
0,1,0,0,0,62,29,52.5,34,51,40,47.33,45,4.9,-0.3,5.6,8.7,1,0,47.2,0,0,95900000000,8560,193.3917019,0,1,0,0,0,0,0,0,40.5,44.2,18,0,49.65828705,42.52367401
1,0,1,0,1,35,34.75,35.67,40.67,35.67,40.67,44.33,42,6,0,3.2,13.3,0,0,45.5,45.5,45.5,1.39E+11,12200,196.8451252,0,1,0,0,0,0,0,0,48.1,40.5,22,0,50.09555054,68.30741882
0,1,0,1,0,41,53,38.5,55.25,38.5,55.25,39.33,57.67,8.3,-2.5,4.6,3.8,2,0,50.3,0,0,1.73E+11,15000,198.5718368,0,1,0,0,0,0,0,0,41.7,48.1,26,0,45.69788361,46.79747009
0,1,0,0,0,50.5,39,49,42,41.5,48,40,50,5.7,-0.9,3.5,4.4,6,0,55.3,0,0,2.31E+11,19900,200.2985484,0,1,0,0,0,0,0,0,43.3,41.7,30,0,53.28404236,49.59745407
1,1,0,1,0,52.25,37.5,52.67,39.33,52,38.8,44.92,33.83,7.3,1,-0.1,3.1,1,0,60.9,0,0,2.88E+11,24800,200.2985484,0,1,0,0,0,0,0,0,48.6,43.3,34,0,58.38553619,46.15783691
1,0,1,0,1,50,34,51.2,35.8,52.77,35.23,52.2,35.8,5.6,0.1,2.7,2.5,5,0,49.6,49.6,49.6,3.64E+11,30600,205.4786833,0,1,0,0,0,0,0,0,48.6,48.6,38,0,57.43489075,46.76373672
0,0,0,0,1,41,47.5,42,50.25,43.62,47.23,43.73,46.87,4,-0.4,4.8,2.7,9,0,60.6,0,60.6,4.59E+11,37000,214.1122414,0,1,0,0,0,0,0,0,54.3,48.6,42,0,52.85073853,35.01949692
0,1,0,1,0,47.33,47.33,46,48,44.5,52,47.4,49.8,5.7,-0.3,2.9,1.9,3,1,62.2,0,0,5.29E+11,41700,219.2923763,0,1,0,0,0,0,0,0,54.6,54.3,46,0,54.38930511,40.17237091
0,1,0,0,0,46.5,42.5,47.67,43,46.67,46.33,51.8,41.6,5,0.6,1.9,4.1,0,1,36.5,0,0,6.48E+11,50600,221.0190879,0,1,0,0,0,0,0,0,54.8,54.6,50,0,60.50172043,67.74250793
0,0,1,0,1,47.25,45,46.33,46,49.67,44,48,47.25,8.5,-0.8,1.6,3,3,0,49.1,49.1,49.1,6.88E+11,53300,222.7457996,0,1,0,0,0,0,0,0,62,54.8,54,0,67.27897644,67.87700653
0,0,0,0,1,40.33,38.33,42.67,37.33,42.33,40,45.25,40.25,5,-0.6,2.9,0.7,7,0,46.7,0,46.7,7.92E+11,61900,221.0190879,0,1,0,0,0,0,0,0,58,62,58,0,58.90903473,68.57622528
0,1,0,1,0,37,56,30.5,60.5,33,61,35,59.5,6,-0.1,3.3,3.3,2,1,55.8,0,0,26900000000,5090,145.1418263,0,1,0,0,0,0,0,0,38,56,14,0,41.68328857,57.62165833
0,1,0,0,0,62,29,52.5,34,51,40,47.33,45,4.9,-0.3,5.6,8.7,1,0,47.2,0,0,37700000000,7100,145.8831864,0,1,0,0,0,0,0,0,33.3,38,18,0,47.61384964,33.84018326
1,0,1,0,1,35,34.75,35.67,40.67,35.67,40.67,44.33,42,6,0,3.2,13.3,0,0,45.5,45.5,45.5,57900000000,10500,150.7157557,0,1,0,0,0,0,0,0,45.7,33.3,22,0,44.00608826,45.93796921
0,1,0,1,0,41,53,38.5,55.25,38.5,55.25,39.33,57.67,8.3,-2.5,4.6,3.8,2,0,50.3,0,0,69300000000,12600,150.798129,0,1,0,0,0,0,0,0,37.7,45.7,26,0,38.24655533,37.42243576
0,1,0,0,0,50.5,39,49,42,41.5,48,40,50,5.7,-0.9,3.5,4.4,6,0,55.3,0,0,91700000000,16500,152.6378003,0,1,0,0,0,0,0,0,37.7,37.7,30,0,39.81341171,32.1711998
1,1,0,1,0,52.25,37.5,52.67,39.33,52,38.8,44.92,33.83,7.3,1,-0.1,3.1,1,0,60.9,0,0,1.15E+11,20300,155.3561205,0,1,0,0,0,0,0,0,39.7,37.7,34,0,52.3413353,32.21092987
1,0,1,0,1,50,34,51.2,35.8,52.77,35.23,52.2,35.8,5.6,0.1,2.7,2.5,5,0,49.6,49.6,49.6,1.50E+11,25700,159.9964854,0,1,0,0,0,0,0,0,36.8,39.7,38,0,49.88626099,54.00527954
0,0,0,0,1,41,47.5,42,50.25,43.62,47.23,43.73,46.87,4,-0.4,4.8,2.7,9,0,60.6,0,60.6,1.93E+11,31700,166.9433038,0,1,0,0,0,0,0,0,41.6,36.8,42,0,38.20276642,44.40121841
0,1,0,1,0,47.33,47.33,46,48,44.5,52,47.4,49.8,5.7,-0.3,2.9,1.9,3,1,62.2,0,0,2.23E+11,35900,170.7599353,0,1,0,0,0,0,0,0,41,41.6,46,0,38.93600082,50.8271904
0,1,0,0,0,46.5,42.5,47.67,43,46.67,46.33,51.8,41.6,5,0.6,1.9,4.1,0,1,36.5,0,0,2.69E+11,42100,175.4003001,0,1,0,0,0,0,0,0,39.3,41,50,0,45.98829651,50.28995514
0,0,1,0,1,47.25,45,46.33,46,49.67,44,48,47.25,8.5,-0.8,1.6,3,3,0,49.1,49.1,49.1,2.89E+11,44200,179.5189671,0,1,0,0,0,0,0,0,50,39.3,54,0,50.43162918,31.46375275
0,0,0,0,1,40.33,38.33,42.67,37.33,42.33,40,45.25,40.25,5,-0.6,2.9,0.7,7,0,46.7,0,46.7,3.30E+11,49800,182.1274563,0,1,0,0,0,0,0,0,44,50,58,0,37.2856636,23.80533791
0,1,0,1,0,37,56,30.5,60.5,33,61,35,59.5,6,-0.1,3.3,3.3,2,1,55.8,0,0,13700000000,4750,51.25032853,0,1,0,0,0,0,0,0,40.8,61.9,14,0,45.65515518,55.49240494
0,1,0,0,0,62,29,52.5,34,51,40,47.33,45,4.9,-0.3,5.6,8.7,1,0,47.2,0,0,22000000000,7650,51.07262282,0,1,0,0,0,0,0,0,40.5,40.8,18,0,47.79914093,29.35110474
1,0,1,0,1,35,34.75,35.67,40.67,35.67,40.67,44.33,42,6,0,3.2,13.3,0,0,45.5,45.5,45.5,33500000000,11500,51.76567511,0,1,0,0,0,0,0,0,48.5,40.5,22,0,51.90370178,47.56539154
0,1,0,1,0,41,53,38.5,55.25,38.5,55.25,39.33,57.67,8.3,-2.5,4.6,3.8,2,0,50.3,0,0,37500000000,12900,51.60573997,0,1,0,0,0,0,0,0,38.6,48.5,26,0,47.98970413,37.90543365
0,1,0,0,0,50.5,39,49,42,41.5,48,40,50,5.7,-0.9,3.5,4.4,6,0,55.3,0,0,45300000000,16000,50.29071767,0,1,0,0,0,0,0,0,45.9,38.6,30,0,39.1016922,49.5079155
1,1,0,1,0,52.25,37.5,52.67,39.33,52,38.8,44.92,33.83,7.3,1,-0.1,3.1,1,0,60.9,0,0,57900000000,20700,49.81091223,0,1,0,0,0,0,0,0,54.7,45.9,34,0,61.03331757,50.48651886
1,0,1,0,1,50,34,51.2,35.8,52.77,35.23,52.2,35.8,5.6,0.1,2.7,2.5,5,0,49.6,49.6,49.6,73100000000,25700,50.62835853,0,1,0,0,0,0,0,0,43.3,54.7,38,0,53.04231644,48.07649231
0,0,0,0,1,41,47.5,42,50.25,43.62,47.23,43.73,46.87,4,-0.4,4.8,2.7,9,0,60.6,0,60.6,87700000000,30000,51.99669254,0,1,0,0,0,0,0,0,50.3,43.3,42,0,41.25815964,40.71277618
0,1,0,1,0,47.33,47.33,46,48,44.5,52,47.4,49.8,5.7,-0.3,2.9,1.9,3,1,62.2,0,0,1.05E+11,35600,52.35210397,0,1,0,0,0,0,0,0,48.5,50.3,46,0,38.67299652,51.12967682
0,1,0,0,0,46.5,42.5,47.67,43,46.67,46.33,51.8,41.6,5,0.6,1.9,4.1,0,1,36.5,0,0,1.37E+11,45800,53.20509141,0,1,0,0,0,0,0,0,49.2,48.5,50,0,51.17184448,51.04018784
0,0,1,0,1,47.25,45,46.33,46,49.67,44,48,47.25,8.5,-0.8,1.6,3,3,0,49.1,49.1,49.1,1.47E+11,47800,54.68004885,0,1,0,0,0,0,0,0,54,49.2,54,0,56.95163727,62.06174469
0,0,0,0,1,40.33,38.33,42.67,37.33,42.33,40,45.25,40.25,5,-0.6,2.9,0.7,7,0,46.7,0,46.7,1.78E+11,56800,55.65743029,0,1,0,0,0,0,0,0,52,54,58,0,40.58205032,34.77553177
0,1,0,1,0,37,56,30.5,60.5,33,61,35,59.5,6,-0.1,3.3,3.3,2,1,55.8,0,0,10800000000,4760,27.56496362,0,1,0,0,0,0,0,0,34.7,54.1,14,0,30.82830811,49.38943481
0,1,0,0,0,62,29,52.5,34,51,40,47.33,45,4.9,-0.3,5.6,8.7,1,0,47.2,0,0,16900000000,7350,27.9417334,0,1,0,0,0,0,0,0,29.5,34.7,18,0,33.72701263,50.40241241
1,0,1,0,1,35,34.75,35.67,40.67,35.67,40.67,44.33,42,6,0,3.2,13.3,0,0,45.5,45.5,45.5,26300000000,11100,28.76819616,0,1,0,0,0,0,0,0,44.9,29.5,22,0,40.40189743,39.08047867
0,1,0,1,0,41,53,38.5,55.25,38.5,55.25,39.33,57.67,8.3,-2.5,4.6,3.8,2,0,50.3,0,0,35300000000,14500,29.6675821,0,1,0,0,0,0,0,0,33.3,44.9,26,0,29.31825066,47.67709351
0,1,0,0,0,50.5,39,49,42,41.5,48,40,50,5.7,-0.9,3.5,4.4,6,0,55.3,0,0,44200000000,17700,30.33604462,0,1,0,0,0,0,0,0,32.6,33.3,30,0,30.03315353,45.52957916
1,1,0,1,0,52.25,37.5,52.67,39.33,52,38.8,44.92,33.83,7.3,1,-0.1,3.1,1,0,60.9,0,0,54000000000,21500,30.56696803,0,1,0,0,0,0,0,0,42.6,32.6,34,0,44.15822983,34.96547318
1,0,1,0,1,50,34,51.2,35.8,52.77,35.23,52.2,35.8,5.6,0.1,2.7,2.5,5,0,49.6,49.6,49.6,65300000000,25300,31.41773852,0,1,0,0,0,0,0,0,33.7,42.6,38,0,44.99161148,49.31179047
0,0,0,0,1,41,47.5,42,50.25,43.62,47.23,43.73,46.87,4,-0.4,4.8,2.7,9,0,60.6,0,60.6,81900000000,30500,32.66958651,0,1,0,0,0,0,0,0,36.1,33.7,42,0,36.53059006,31.65421295
0,1,0,1,0,47.33,47.33,46,48,44.5,52,47.4,49.8,5.7,-0.3,2.9,1.9,3,1,62.2,0,0,94600000000,34600,33.19220266,0,1,0,0,0,0,0,0,37.2,36.1,46,0,19.35375023,27.02213287
0,1,0,0,0,46.5,42.5,47.67,43,46.67,46.33,51.8,41.6,5,0.6,1.9,4.1,0,1,36.5,0,0,1.22E+11,43600,33.99435769,0,1,0,0,0,0,0,0,36.6,37.2,50,0,36.59051514,45.12575531
0,0,1,0,1,47.25,45,46.33,46,49.67,44,48,47.25,8.5,-0.8,1.6,3,3,0,49.1,49.1,49.1,1.35E+11,46800,35.07605159,0,1,0,0,0,0,0,0,42,36.6,54,0,44.80099869,44.78747559
0,0,0,0,1,40.33,38.33,42.67,37.33,42.33,40,45.25,40.25,5,-0.6,2.9,0.7,7,0,46.7,0,46.7,1.52E+11,52200,35.37989819,0,1,0,0,0,0,0,0,38,42,58,0,36.08285904,21.99027252
0,1,0,1,0,37,56,30.5,60.5,33,61,35,59.5,6,-0.1,3.3,3.3,2,1,55.8,0,0,15600000000,4720,81.81588703,0,0,1,0,0,0,0,0,37.6,64,14,14,46.64275742,51.88682175
0,1,0,0,0,62,29,52.5,34,51,40,47.33,45,4.9,-0.3,5.6,8.7,1,0,47.2,0,0,22800000000,6640,85.03308767,0,0,1,0,0,0,0,0,34.8,37.6,18,18,34.45875549,62.3910141
1,0,1,0,1,35,34.75,35.67,40.67,35.67,40.67,44.33,42,6,0,3.2,13.3,0,0,45.5,45.5,45.5,35800000000,9780,90.62606724,0,0,1,0,0,0,0,0,52.8,34.8,22,22,46.3317337,61.79218292
0,1,0,1,0,41,53,38.5,55.25,38.5,55.25,39.33,57.67,8.3,-2.5,4.6,3.8,2,0,50.3,0,0,44100000000,11800,92.13567678,0,0,1,0,0,0,0,0,47.6,52.8,26,26,39.12460327,61.92152786
0,1,0,0,0,50.5,39,49,42,41.5,48,40,50,5.7,-0.9,3.5,4.4,6,0,55.3,0,0,56300000000,15100,92.20991987,0,0,1,0,0,0,0,0,39.4,47.6,30,30,49.81226349,61.92152786
1,1,0,1,0,52.25,37.5,52.67,39.33,52,38.8,44.92,33.83,7.3,1,-0.1,3.1,1,0,60.9,0,0,71700000000,19100,92.90285539,0,0,1,0,0,0,0,0,43.9,39.4,34,34,48.79614639,63.37022018
1,0,1,0,1,50,34,51.2,35.8,52.77,35.23,52.2,35.8,5.6,0.1,2.7,2.5,5,0,49.6,49.6,49.6,91900000000,23700,96.09530833,0,0,1,0,0,0,0,0,44.6,43.9,38,38,49.22145081,63.37022018
0,0,0,0,1,41,47.5,42,50.25,43.62,47.23,43.73,46.87,4,-0.4,4.8,2.7,9,0,60.6,0,60.6,1.15E+11,28500,100.0301922,0,0,1,0,0,0,0,0,45.8,44.6,42,42,36.12256622,61.33112717
0,1,0,1,0,47.33,47.33,46,48,44.5,52,47.4,49.8,5.7,-0.3,2.9,1.9,3,1,62.2,0,0,1.27E+11,30700,102.4554665,0,0,1,0,0,0,0,0,41.4,45.8,46,46,15.39739513,48.91022873
0,1,0,0,0,46.5,42.5,47.67,43,46.67,46.33,51.8,41.6,5,0.6,1.9,4.1,0,1,36.5,0,0,1.55E+11,36100,106.1181257,0,0,1,0,0,0,0,0,39.7,41.4,50,50,34.63515854,38.16695023
0,0,1,0,1,47.25,45,46.33,46,49.67,44,48,47.25,8.5,-0.8,1.6,3,3,0,49.1,49.1,49.1,1.70E+11,38800,108.4691569,0,0,1,0,0,0,0,0,41,39.7,54,54,52.29519272,56.53505707
0,0,0,0,1,40.33,38.33,42.67,37.33,42.33,40,45.25,40.25,5,-0.6,2.9,0.7,7,0,46.7,0,46.7,1.92E+11,43300,109.8302803,0,0,1,0,0,0,0,0,38,41,58,58,35.25730133,55.06253052
0,1,0,1,0,37,56,30.5,60.5,33,61,35,59.5,6,-0.1,3.3,3.3,2,1,55.8,0,0,18600000000,4980,71.36566349,0,0,1,0,0,0,0,0,28.2,43.2,14,14,13.40385151,54.12977982
0,1,0,0,0,62,29,52.5,34,51,40,47.33,45,4.9,-0.3,5.6,8.7,1,0,47.2,0,0,30700000000,7920,73.98125897,0,0,1,0,0,0,0,0,28.4,28.2,18,18,16.48915482,53.91096497
1,0,1,0,1,35,34.75,35.67,40.67,35.67,40.67,44.33,42,6,0,3.2,13.3,0,0,45.5,45.5,45.5,51700000000,12200,80.60616139,0,0,1,0,0,0,0,0,51.7,28.4,22,22,24.35322189,58.23692322
0,1,0,1,0,41,53,38.5,55.25,38.5,55.25,39.33,57.67,8.3,-2.5,4.6,3.8,2,0,50.3,0,0,76900000000,17200,85.18822646,0,0,1,0,0,0,0,0,45.7,51.7,26,26,24.84522438,46.13933563
0,1,0,0,0,50.5,39,49,42,41.5,48,40,50,5.7,-0.9,3.5,4.4,6,0,55.3,0,0,78500000000,17800,84.13816988,0,0,1,0,0,0,0,0,38.2,45.7,30,30,26.14329147,56.23113632
1,1,0,1,0,52.25,37.5,52.67,39.33,52,38.8,44.92,33.83,7.3,1,-0.1,3.1,1,0,60.9,0,0,96000000000,22400,81.69440184,0,0,1,0,0,0,0,0,44.1,38.2,34,34,42.74006271,53.6217308
1,0,1,0,1,50,34,51.2,35.8,52.77,35.23,52.2,35.8,5.6,0.1,2.7,2.5,5,0,49.6,49.6,49.6,1.13E+11,26000,82.85901005,0,0,1,0,0,0,0,0,45.6,44.1,38,38,37.88263321,56.29610825
0,0,0,0,1,41,47.5,42,50.25,43.62,47.23,43.73,46.87,4,-0.4,4.8,2.7,9,0,60.6,0,60.6,1.26E+11,28200,85.32187002,0,0,1,0,0,0,0,0,52,45.6,42,42,36.30204391,45.94818878
0,1,0,1,0,47.33,47.33,46,48,44.5,52,47.4,49.8,5.7,-0.3,2.9,1.9,3,1,62.2,0,0,1.54E+11,34300,85.68461684,0,0,1,0,0,0,0,0,44.9,52,46,46,24.22431946,45.70758057
0,1,0,0,0,46.5,42.5,47.67,43,46.67,46.33,51.8,41.6,5,0.6,1.9,4.1,0,1,36.5,0,0,2.07E+11,46500,84.99730708,0,0,1,0,0,0,0,0,42.2,44.9,50,50,41.19297028,59.40643692
0,0,1,0,1,47.25,45,46.33,46,49.67,44,48,47.25,8.5,-0.8,1.6,3,3,0,49.1,49.1,49.1,2.29E+11,49700,87.89928163,0,0,1,0,0,0,0,0,40,42.2,54,54,43.24024582,43.87012863
0,0,0,0,1,40.33,38.33,42.67,37.33,42.33,40,45.25,40.25,5,-0.6,2.9,0.7,7,0,46.7,0,46.7,2.34E+11,50000,89.31208502,0,0,1,0,0,0,0,0,41,40,58,58,38.55950165,26.66260338
0,1,0,1,0,37,56,30.5,60.5,33,61,35,59.5,6,-0.1,3.3,3.3,2,1,55.8,0,0,4210000000,4100,28.99964782,1,0,0,0,0,0,0,0,55.3,68.8,14,0,59.85725021,57.37760162
0,1,0,0,0,62,29,52.5,34,51,40,47.33,45,4.9,-0.3,5.6,8.7,1,0,47.2,0,0,6000000000,5600,30.2715622,1,0,0,0,0,0,0,0,38.5,55.3,18,0,62.49773026,60.09354401
1,0,1,0,1,35,34.75,35.67,40.67,35.67,40.67,44.33,42,6,0,3.2,13.3,0,0,45.5,45.5,45.5,9340000000,8290,31.82612422,1,0,0,0,0,0,0,0,48.1,38.5,22,0,61.73768234,57.87581635
0,1,0,1,0,41,53,38.5,55.25,38.5,55.25,39.33,57.67,8.3,-2.5,4.6,3.8,2,0,50.3,0,0,13200000000,11400,32.7023319,1,0,0,0,0,0,0,0,42.3,48.1,26,0,46.4174881,60.10818481
0,1,0,0,0,50.5,39,49,42,41.5,48,40,50,5.7,-0.9,3.5,4.4,6,0,55.3,0,0,19200000000,15900,34.08730533,1,0,0,0,0,0,0,0,38.8,42.3,30,0,66.29364777,67.25352478
1,1,0,1,0,52.25,37.5,52.67,39.33,52,38.8,44.92,33.83,7.3,1,-0.1,3.1,1,0,60.9,0,0,23400000000,18900,34.93524825,1,0,0,0,0,0,0,0,43.9,38.8,34,0,78.23234558,54.37767792
1,0,1,0,1,50,34,51.2,35.8,52.77,35.23,52.2,35.8,5.6,0.1,2.7,2.5,5,0,49.6,49.6,49.6,28200000000,22800,34.99177778,1,0,0,0,0,0,0,0,38.8,43.9,38,0,69.5039978,56.76559448
0,0,0,0,1,41,47.5,42,50.25,43.62,47.23,43.73,46.87,4,-0.4,4.8,2.7,9,0,60.6,0,60.6,34400000000,27000,36.03757405,1,0,0,0,0,0,0,0,51.6,38.8,42,0,52.20160675,53.13521194
0,1,0,1,0,47.33,47.33,46,48,44.5,52,47.4,49.8,5.7,-0.3,2.9,1.9,3,1,62.2,0,0,41800000000,31900,36.99857602,1,0,0,0,0,0,0,0,49.1,51.6,46,0,54.26172638,59.98493958
0,1,0,0,0,46.5,42.5,47.67,43,46.67,46.33,51.8,41.6,5,0.6,1.9,4.1,0,1,36.5,0,0,49100000000,37200,37.30948842,1,0,0,0,0,0,0,0,53.6,49.1,50,0,66.94895935,63.83090973
0,0,1,0,1,47.25,45,46.33,46,49.67,44,48,47.25,8.5,-0.8,1.6,3,3,0,49.1,49.1,49.1,51900000000,39100,37.5638713,1,0,0,0,0,0,0,0,58,53.6,54,0,91.90403748,65.0711441
0,0,0,0,1,40.33,38.33,42.67,37.33,42.33,40,45.25,40.25,5,-0.6,2.9,0.7,7,0,46.7,0,46.7,57500000000,43200,37.62040083,1,0,0,0,0,0,0,0,56,58,58,0,69.76706696,46.83447647
0,1,0,1,0,37,56,30.5,60.5,33,61,35,59.5,6,-0.1,3.3,3.3,2,1,55.8,0,0,20500000000,5060,326.2955699,0,0,1,0,0,0,0,0,43.6,65.5,14,14,71.27755737,55.91884613
0,1,0,0,0,62,29,52.5,34,51,40,47.33,45,4.9,-0.3,5.6,8.7,1,0,47.2,0,0,29600000000,7180,332.5022792,0,0,1,0,0,0,0,0,37.4,43.6,18,18,53.29964066,65.45271301
1,0,1,0,1,35,34.75,35.67,40.67,35.67,40.67,44.33,42,6,0,3.2,13.3,0,0,45.5,45.5,45.5,43600000000,10300,340.5629405,0,0,1,0,0,0,0,0,52.8,37.4,22,22,57.08429337,65.46277618
0,1,0,1,0,41,53,38.5,55.25,38.5,55.25,39.33,57.67,8.3,-2.5,4.6,3.8,2,0,50.3,0,0,62200000000,14300,350.3969473,0,0,1,0,0,0,0,0,47.1,52.8,26,26,59.32486343,66.18281555
0,1,0,0,0,50.5,39,49,42,41.5,48,40,50,5.7,-0.9,3.5,4.4,6,0,55.3,0,0,91400000000,19800,372.8861923,0,0,1,0,0,0,0,0,47,47.1,30,30,60.51325226,65.24144745
1,1,0,1,0,52.25,37.5,52.67,39.33,52,38.8,44.92,33.83,7.3,1,-0.1,3.1,1,0,60.9,0,0,1.15E+11,23400,396.3427167,0,0,1,0,0,0,0,0,48.2,47,34,34,77.68531799,64.26055908
1,0,1,0,1,50,34,51.2,35.8,52.77,35.23,52.2,35.8,5.6,0.1,2.7,2.5,5,0,49.6,49.6,49.6,1.39E+11,27500,407.7082492,0,0,1,0,0,0,0,0,49.8,48.2,38,38,66.26446533,65.57919312
0,0,0,0,1,41,47.5,42,50.25,43.62,47.23,43.73,46.87,4,-0.4,4.8,2.7,9,0,60.6,0,60.6,1.80E+11,34000,426.8926231,0,0,1,0,0,0,0,0,54.3,49.8,42,42,58.37288284,69.74705505
0,1,0,1,0,47.33,47.33,46,48,44.5,52,47.4,49.8,5.7,-0.3,2.9,1.9,3,1,62.2,0,0,2.29E+11,41400,446.3994235,0,0,1,0,0,0,0,0,56.5,54.3,46,46,63.35731125,69.33266449
0,1,0,0,0,46.5,42.5,47.67,43,46.67,46.33,51.8,41.6,5,0.6,1.9,4.1,0,1,36.5,0,0,2.88E+11,50900,456.1528237,0,0,1,0,0,0,0,0,55.9,56.5,50,50,66.82459259,50.52816772
0,0,1,0,1,47.25,45,46.33,46,49.67,44,48,47.25,8.5,-0.8,1.6,3,3,0,49.1,49.1,49.1,3.28E+11,55700,474.8535579,0,0,1,0,0,0,0,0,62,55.9,54,54,78.9254303,70.00335693
0,0,0,0,1,40.33,38.33,42.67,37.33,42.33,40,45.25,40.25,5,-0.6,2.9,0.7,7,0,46.7,0,46.7,3.67E+11,61100,484.0427118,0,0,1,0,0,0,0,0,62,62,58,58,62.80096054,70.1395874
0,1,0,1,0,37,56,30.5,60.5,33,61,35,59.5,6,-0.1,3.3,3.3,2,1,55.8,0,0,31000000000,5350,549.1553752,1,0,0,0,0,0,0,0,63,76.2,14,0,81.10840607,57.27594757
0,1,0,0,0,62,29,52.5,34,51,40,47.33,45,4.9,-0.3,5.6,8.7,1,0,47.2,0,0,41900000000,7240,548.6816386,1,0,0,0,0,0,0,0,54.2,63,18,0,75.86643982,58.89839172
1,0,1,0,1,35,34.75,35.67,40.67,35.67,40.67,44.33,42,6,0,3.2,13.3,0,0,45.5,45.5,45.5,63000000000,11000,544.133768,1,0,0,0,0,0,0,0,56.1,54.2,22,0,74.41272736,69.26559448
0,1,0,1,0,41,53,38.5,55.25,38.5,55.25,39.33,57.67,8.3,-2.5,4.6,3.8,2,0,50.3,0,0,93100000000,16100,549.0606279,1,0,0,0,0,0,0,0,41.7,56.1,26,0,77.47714996,69.38296509
0,1,0,0,0,50.5,39,49,42,41.5,48,40,50,5.7,-0.9,3.5,4.4,6,0,55.3,0,0,1.39E+11,23600,558.0616218,1,0,0,0,0,0,0,0,48.4,41.7,30,0,80.09640503,69.70573425
1,1,0,1,0,52.25,37.5,52.67,39.33,52,38.8,44.92,33.83,7.3,1,-0.1,3.1,1,0,60.9,0,0,1.61E+11,26900,567.8205941,1,0,0,0,0,0,0,0,53.2,48.4,34,0,93.91188812,69.37876892
1,0,1,0,1,50,34,51.2,35.8,52.77,35.23,52.2,35.8,5.6,0.1,2.7,2.5,5,0,49.6,49.6,49.6,1.96E+11,32200,576.3478515,1,0,0,0,0,0,0,0,47.5,53.2,38,0,84.10057068,60.74330521
0,0,0,0,1,41,47.5,42,50.25,43.62,47.23,43.73,46.87,4,-0.4,4.8,2.7,9,0,60.6,0,60.6,2.65E+11,41700,601.5506344,1,0,0,0,0,0,0,0,61.5,47.5,42,0,76.27372742,56.63732147
0,1,0,1,0,47.33,47.33,46,48,44.5,52,47.4,49.8,5.7,-0.3,2.9,1.9,3,1,62.2,0,0,3.15E+11,49000,609.6041552,1,0,0,0,0,0,0,0,59.8,61.5,46,0,76.92594147,61.01919174
0,1,0,0,0,46.5,42.5,47.67,43,46.67,46.33,51.8,41.6,5,0.6,1.9,4.1,0,1,36.5,0,0,3.80E+11,58100,620.0263587,1,0,0,0,0,0,0,0,61.9,59.8,50,0,84.61238098,59.90454865
0,0,1,0,1,47.25,45,46.33,46,49.67,44,48,47.25,8.5,-0.8,1.6,3,3,0,49.1,49.1,49.1,4.26E+11,64000,630.8275514,1,0,0,0,0,0,0,0,62,61.9,54,0,90.53824615,73.12722778
0,0,0,0,1,40.33,38.33,42.67,37.33,42.33,40,45.25,40.25,5,-0.6,2.9,0.7,7,0,46.7,0,46.7,5.03E+11,73700,646.7450985,1,0,0,0,0,0,0,0,61,62,58,0,75.5881958,72.80043793
0,1,0,1,0,37,56,30.5,60.5,33,61,35,59.5,6,-0.1,3.3,3.3,2,1,55.8,0,0,51700000000,5740,93.1927711,0,1,0,0,0,0,0,0,48.2,66.7,14,0,67.27457428,44.31925201
0,1,0,0,0,62,29,52.5,34,51,40,47.33,45,4.9,-0.3,5.6,8.7,1,0,47.2,0,0,67000000000,7350,94.22675281,0,1,0,0,0,0,0,0,41.8,48.2,18,0,57.36175156,49.21912384
1,0,1,0,1,35,34.75,35.67,40.67,35.67,40.67,44.33,42,6,0,3.2,13.3,0,0,45.5,45.5,45.5,1.05E+11,11300,95.69500683,0,1,0,0,0,0,0,0,46.4,41.8,22,0,50.08137512,54.16537476
0,1,0,1,0,41,53,38.5,55.25,38.5,55.25,39.33,57.67,8.3,-2.5,4.6,3.8,2,0,50.3,0,0,1.28E+11,14100,93.6787425,0,1,0,0,0,0,0,0,42.5,46.4,26,0,60.17221069,55.55677795
0,1,0,0,0,50.5,39,49,42,41.5,48,40,50,5.7,-0.9,3.5,4.4,6,0,55.3,0,0,1.69E+11,18300,95.53990957,0,1,0,0,0,0,0,0,40.2,42.5,30,0,58.03125381,64.70849609
1,1,0,1,0,52.25,37.5,52.67,39.33,52,38.8,44.92,33.83,7.3,1,-0.1,3.1,1,0,60.9,0,0,1.98E+11,21000,97.54583408,0,1,0,0,0,0,0,0,45.7,40.2,34,0,73.2779541,65.38498688
1,0,1,0,1,50,34,51.2,35.8,52.77,35.23,52.2,35.8,5.6,0.1,2.7,2.5,5,0,49.6,49.6,49.6,2.57E+11,26400,100.6477792,0,1,0,0,0,0,0,0,43.8,45.7,38,0,60.99675369,47.2260437
0,0,0,0,1,41,47.5,42,50.25,43.62,47.23,43.73,46.87,4,-0.4,4.8,2.7,9,0,60.6,0,60.6,3.38E+11,34000,102.7571019,0,1,0,0,0,0,0,0,51.7,43.8,42,0,48.45265198,34.2760582
0,1,0,1,0,47.33,47.33,46,48,44.5,52,47.4,49.8,5.7,-0.3,2.9,1.9,3,1,62.2,0,0,3.74E+11,37000,104.4321522,0,1,0,0,0,0,0,0,51.3,51.7,46,0,53.06146622,33.08203125
0,1,0,0,0,46.5,42.5,47.67,43,46.67,46.33,51.8,41.6,5,0.6,1.9,4.1,0,1,36.5,0,0,4.04E+11,40400,103.3981705,0,1,0,0,0,0,0,0,51.2,51.3,50,0,57.62982178,61.04969025
0,0,1,0,1,47.25,45,46.33,46,49.67,44,48,47.25,8.5,-0.8,1.6,3,3,0,49.1,49.1,49.1,4.01E+11,40600,102.2297712,0,1,0,0,0,0,0,0,57,51.2,54,0,71.89231873,60.22071075
0,0,0,0,1,40.33,38.33,42.67,37.33,42.33,40,45.25,40.25,5,-0.6,2.9,0.7,7,0,46.7,0,46.7,4.74E+11,47600,102.9018593,0,1,0,0,0,0,0,0,54,57,58,0,53.27964783,27.97782516
0,1,0,1,0,37,56,30.5,60.5,33,61,35,59.5,6,-0.1,3.3,3.3,2,1,55.8,0,0,20000000000,5160,44.59611187,0,1,0,0,0,0,0,0,54,63.8,14,0,52.65851212,37.66599655
0,1,0,0,0,62,29,52.5,34,51,40,47.33,45,4.9,-0.3,5.6,8.7,1,0,47.2,0,0,29700000000,7510,45.48182263,0,1,0,0,0,0,0,0,46.1,54,18,0,57.66758347,60.15953445
1,0,1,0,1,35,34.75,35.67,40.67,35.67,40.67,44.33,42,6,0,3.2,13.3,0,0,45.5,45.5,45.5,46900000000,11500,46.96567572,0,1,0,0,0,0,0,0,54.9,46.1,22,0,50.53072357,70.46755219
0,1,0,1,0,41,53,38.5,55.25,38.5,55.25,39.33,57.67,8.3,-2.5,4.6,3.8,2,0,50.3,0,0,62000000000,14900,47.88589469,0,1,0,0,0,0,0,0,46.5,54.9,26,0,54.54263687,51.62322235
0,1,0,0,0,50.5,39,49,42,41.5,48,40,50,5.7,-0.9,3.5,4.4,6,0,55.3,0,0,85400000000,19800,49.55379157,0,1,0,0,0,0,0,0,49.7,46.5,30,0,53.3051033,66.91480255
1,1,0,1,0,52.25,37.5,52.67,39.33,52,38.8,44.92,33.83,7.3,1,-0.1,3.1,1,0,60.9,0,0,1.06E+11,23700,51.39422951,0,1,0,0,0,0,0,0,52.9,49.7,34,0,65.03702545,67.99798584
1,0,1,0,1,50,34,51.2,35.8,52.77,35.23,52.2,35.8,5.6,0.1,2.7,2.5,5,0,49.6,49.6,49.6,1.35E+11,29000,53.4647222,0,1,0,0,0,0,0,0,43.5,52.9,38,0,60.74834442,51.54323959
0,0,0,0,1,41,47.5,42,50.25,43.62,47.23,43.73,46.87,4,-0.4,4.8,2.7,9,0,60.6,0,60.6,1.75E+11,35600,56.58196396,0,1,0,0,0,0,0,0,51.1,43.5,42,0,52.40968704,44.63849258
0,1,0,1,0,47.33,47.33,46,48,44.5,52,47.4,49.8,5.7,-0.3,2.9,1.9,3,1,62.2,0,0,2.15E+11,42300,58.50292106,0,1,0,0,0,0,0,0,47.9,51.1,46,0,51.09877014,51.4789505
0,1,0,0,0,46.5,42.5,47.67,43,46.67,46.33,51.8,41.6,5,0.6,1.9,4.1,0,1,36.5,0,0,2.59E+11,49500,60.17081795,0,1,0,0,0,0,0,0,51.1,47.9,50,0,53.04479599,37.43112946
0,0,1,0,1,47.25,45,46.33,46,49.67,44,48,47.25,8.5,-0.8,1.6,3,3,0,49.1,49.1,49.1,2.84E+11,52800,61.88472578,0,1,0,0,0,0,0,0,54,51.1,54,0,69.15567017,49.02959442
0,0,0,0,1,40.33,38.33,42.67,37.33,42.33,40,45.25,40.25,5,-0.6,2.9,0.7,7,0,46.7,0,46.7,3.28E+11,59400,63.52961719,0,1,0,0,0,0,0,0,53,54,58,0,49.36418152,50.28391647
0,1,0,1,0,37,56,30.5,60.5,33,61,35,59.5,6,-0.1,3.3,3.3,2,1,55.8,0,0,7920000000,3510,46.58098463,0,0,1,0,0,0,0,0,23,12.9,14,14,6.094670773,49.86795807
0,1,0,0,0,62,29,52.5,34,51,40,47.33,45,4.9,-0.3,5.6,8.7,1,0,47.2,0,0,12300000000,5200,48.83157299,0,0,1,0,0,0,0,0,19.6,23,18,18,5.858523846,50.79045868
1,0,1,0,1,35,34.75,35.67,40.67,35.67,40.67,44.33,42,6,0,3.2,13.3,0,0,45.5,45.5,45.5,20000000000,7930,52.09389372,0,0,1,0,0,0,0,0,49.6,19.6,22,22,20.0270195,52.91750336
0,1,0,1,0,41,53,38.5,55.25,38.5,55.25,39.33,57.67,8.3,-2.5,4.6,3.8,2,0,50.3,0,0,26000000000,10000,53.66311129,0,0,1,0,0,0,0,0,48.1,49.6,26,26,16.61536598,53.99899292
0,1,0,0,0,50.5,39,49,42,41.5,48,40,50,5.7,-0.9,3.5,4.4,6,0,55.3,0,0,33500000000,12800,54.09671088,0,0,1,0,0,0,0,0,37.4,48.1,30,30,23.88735771,55.57092667
1,1,0,1,0,52.25,37.5,52.67,39.33,52,38.8,44.92,33.83,7.3,1,-0.1,3.1,1,0,60.9,0,0,40900000000,15600,53.99347288,0,0,1,0,0,0,0,0,39.1,37.4,34,34,45.6558876,58.29979706
1,0,1,0,1,50,34,51.2,35.8,52.77,35.23,52.2,35.8,5.6,0.1,2.7,2.5,5,0,49.6,49.6,49.6,55000000000,20300,55.95499484,0,0,1,0,0,0,0,0,40.8,39.1,38,38,35.79557037,44.00653839
0,0,0,0,1,41,47.5,42,50.25,43.62,47.23,43.73,46.87,4,-0.4,4.8,2.7,9,0,60.6,0,60.6,63800000000,22400,58.74242078,0,0,1,0,0,0,0,0,44.1,40.8,42,42,23.53352547,44.22786713
0,1,0,1,0,47.33,47.33,46,48,44.5,52,47.4,49.8,5.7,-0.3,2.9,1.9,3,1,62.2,0,0,73300000000,25400,59.60961996,0,0,1,0,0,0,0,0,40.7,44.1,46,46,29.31840134,60.7310524
0,1,0,0,0,46.5,42.5,47.67,43,46.67,46.33,51.8,41.6,5,0.6,1.9,4.1,0,1,36.5,0,0,91100000000,31000,60.70394274,0,0,1,0,0,0,0,0,39.8,40.7,50,50,35.7195282,47.33322906
0,0,1,0,1,47.25,45,46.33,46,49.67,44,48,47.25,8.5,-0.8,1.6,3,3,0,49.1,49.1,49.1,96400000000,32300,61.65373232,0,0,1,0,0,0,0,0,43,39.8,54,54,49.59207916,43.45336151
0,0,0,0,1,40.33,38.33,42.67,37.33,42.33,40,45.25,40.25,5,-0.6,2.9,0.7,7,0,46.7,0,46.7,1.06E+11,35500,61.69502752,0,0,1,0,0,0,0,0,44,43,58,58,45.6210022,33.07581711
0,1,0,1,0,37,56,30.5,60.5,33,61,35,59.5,6,-0.1,3.3,3.3,2,1,55.8,0,0,24200000000,5100,68.09933982,0,0,1,0,0,0,0,0,43.7,64,14,14,29.10370636,63.70221329
0,1,0,0,0,62,29,52.5,34,51,40,47.33,45,4.9,-0.3,5.6,8.7,1,0,47.2,0,0,33000000000,6890,68.67317037,0,0,1,0,0,0,0,0,37.6,43.7,18,18,40.11573029,65.85878754
1,0,1,0,1,35,34.75,35.67,40.67,35.67,40.67,44.33,42,6,0,3.2,13.3,0,0,45.5,45.5,45.5,50600000000,10300,70.63853998,0,0,1,0,0,0,0,0,51.1,37.6,22,22,37.84936905,49.93140793
0,1,0,1,0,41,53,38.5,55.25,38.5,55.25,39.33,57.67,8.3,-2.5,4.6,3.8,2,0,50.3,0,0,65500000000,13100,71.78620107,0,0,1,0,0,0,0,0,44.3,51.1,26,26,42.35987473,66.18600464
0,1,0,0,0,50.5,39,49,42,41.5,48,40,50,5.7,-0.9,3.5,4.4,6,0,55.3,0,0,88900000000,17300,73.73722492,0,0,1,0,0,0,0,0,40,44.3,30,30,47.00165939,51.46054459
1,1,0,1,0,52.25,37.5,52.67,39.33,52,38.8,44.92,33.83,7.3,1,-0.1,3.1,1,0,60.9,0,0,1.09E+11,21000,74.46885886,0,0,1,0,0,0,0,0,47.8,40,34,34,56.53159332,51.17706299
1,0,1,0,1,50,34,51.2,35.8,52.77,35.23,52.2,35.8,5.6,0.1,2.7,2.5,5,0,49.6,49.6,49.6,1.40E+11,26100,77.02240478,0,0,1,0,0,0,0,0,44.1,47.8,38,38,56.24104691,48.78856277
0,0,0,0,1,41,47.5,42,50.25,43.62,47.23,43.73,46.87,4,-0.4,4.8,2.7,9,0,60.6,0,60.6,1.77E+11,31600,80.26454736,0,0,1,0,0,0,0,0,47.5,44.1,42,42,45.33965302,60.77753448
0,1,0,1,0,47.33,47.33,46,48,44.5,52,47.4,49.8,5.7,-0.3,2.9,1.9,3,1,62.2,0,0,2.04E+11,35500,82.4164119,0,0,1,0,0,0,0,0,47.1,47.5,46,46,41.59892654,61.05411911
0,1,0,0,0,46.5,42.5,47.67,43,46.67,46.33,51.8,41.6,5,0.6,1.9,4.1,0,1,36.5,0,0,2.40E+11,40300,85.44336802,0,0,1,0,0,0,0,0,46.1,47.1,50,50,46.94668198,50.94129944
0,0,1,0,1,47.25,45,46.33,46,49.67,44,48,47.25,8.5,-0.8,1.6,3,3,0,49.1,49.1,49.1,2.60E+11,43200,86.43322571,0,0,1,0,0,0,0,0,49,46.1,54,54,60.45092392,31.27164078
0,0,0,0,1,40.33,38.33,42.67,37.33,42.33,40,45.25,40.25,5,-0.6,2.9,0.7,7,0,46.7,0,46.7,2.95E+11,48500,87.32266305,0,0,1,0,0,0,0,0,44,49,58,58,45.93095398,47.12830353
0,1,0,1,0,37,56,30.5,60.5,33,61,35,59.5,6,-0.1,3.3,3.3,2,1,55.8,0,0,3140000000,4390,4.86943289,0,0,0,1,0,0,0,0,41.6,58.9,14,0,39.05744934,44.93872452
0,1,0,0,0,62,29,52.5,34,51,40,47.33,45,4.9,-0.3,5.6,8.7,1,0,47.2,0,0,5220000000,6910,5.134667363,0,0,0,1,0,0,0,0,37.8,41.6,18,0,49.53588104,63.69541168
1,0,1,0,1,35,34.75,35.67,40.67,35.67,40.67,44.33,42,6,0,3.2,13.3,0,0,45.5,45.5,45.5,8170000000,10400,5.359096532,0,0,0,1,0,0,0,0,45.4,37.8,22,0,50.78611755,68.19667816
0,1,0,1,0,41,53,38.5,55.25,38.5,55.25,39.33,57.67,8.3,-2.5,4.6,3.8,2,0,50.3,0,0,10600000000,12900,5.59712747,0,0,0,1,0,0,0,0,32.4,45.4,26,0,51.3560791,56.97912216
0,1,0,0,0,50.5,39,49,42,41.5,48,40,50,5.7,-0.9,3.5,4.4,6,0,55.3,0,0,11400000000,14200,5.474711559,0,0,0,1,0,0,0,0,38.2,32.4,30,0,44.05498123,56.64487076
1,1,0,1,0,52.25,37.5,52.67,39.33,52,38.8,44.92,33.83,7.3,1,-0.1,3.1,1,0,60.9,0,0,13900000000,16900,5.590326586,0,0,0,1,0,0,0,0,46.2,38.2,34,0,49.45442963,54.42698288
1,0,1,0,1,50,34,51.2,35.8,52.77,35.23,52.2,35.8,5.6,0.1,2.7,2.5,5,0,49.6,49.6,49.6,17500000000,20000,5.964375202,0,0,0,1,0,0,0,0,37.6,46.2,38,0,52.43094635,46.29979706
0,0,0,0,1,41,47.5,42,50.25,43.62,47.23,43.73,46.87,4,-0.4,4.8,2.7,9,0,60.6,0,60.6,20800000000,23100,6.1343973,0,0,0,1,0,0,0,0,41.3,37.6,42,0,38.33678436,31.63983917
0,1,0,1,0,47.33,47.33,46,48,44.5,52,47.4,49.8,5.7,-0.3,2.9,1.9,3,1,62.2,0,0,25600000000,27600,6.304419398,0,0,0,1,0,0,0,0,33.4,41.3,46,0,42.37436295,30.35940361
0,1,0,0,0,46.5,42.5,47.67,43,46.67,46.33,51.8,41.6,5,0.6,1.9,4.1,0,1,36.5,0,0,36100000000,37300,6.583255639,0,0,0,1,0,0,0,0,38.6,33.4,50,0,44.42615128,34.78319931
0,0,1,0,1,47.25,45,46.33,46,49.67,44,48,47.25,8.5,-0.8,1.6,3,3,0,49.1,49.1,49.1,40600000000,40400,6.834888344,0,0,0,1,0,0,0,0,47,38.6,54,0,62.69924545,53.99093246
0,0,0,0,1,40.33,38.33,42.67,37.33,42.33,40,45.25,40.25,5,-0.6,2.9,0.7,7,0,46.7,0,46.7,46100000000,44300,7.079720165,0,0,0,1,0,0,0,0,42,47,58,0,55.29402542,47.77313995
0,1,0,1,0,37,56,30.5,60.5,33,61,35,59.5,6,-0.1,3.3,3.3,2,1,55.8,0,0,7660000000,5010,19.7549226,0,1,0,0,0,0,0,0,31.8,52.6,14,0,24.93745422,31.21730042
0,1,0,0,0,62,29,52.5,34,51,40,47.33,45,4.9,-0.3,5.6,8.7,1,0,47.2,0,0,11900000000,7670,20.06520934,0,1,0,0,0,0,0,0,29.5,31.8,18,0,28.27919579,47.95542145
1,0,1,0,1,35,34.75,35.67,40.67,35.67,40.67,44.33,42,6,0,3.2,13.3,0,0,45.5,45.5,45.5,17400000000,11100,20.32378163,0,1,0,0,0,0,0,0,38.5,29.5,22,0,26.52884102,46.26377869
0,1,0,1,0,41,53,38.5,55.25,38.5,55.25,39.33,57.67,8.3,-2.5,4.6,3.8,2,0,50.3,0,0,21800000000,13600,20.7504259,0,1,0,0,0,0,0,0,26,38.5,26,0,30.23877716,44.26307678
0,1,0,0,0,50.5,39,49,42,41.5,48,40,50,5.7,-0.9,3.5,4.4,6,0,55.3,0,0,26800000000,16700,20.72456867,0,1,0,0,0,0,0,0,28.8,26,30,0,23.86031342,50.91297913
1,1,0,1,0,52.25,37.5,52.67,39.33,52,38.8,44.92,33.83,7.3,1,-0.1,3.1,1,0,60.9,0,0,35600000000,22200,20.69871144,0,1,0,0,0,0,0,0,39.2,28.8,34,0,38.94419861,38.46621323
1,0,1,0,1,50,34,51.2,35.8,52.77,35.23,52.2,35.8,5.6,0.1,2.7,2.5,5,0,49.6,49.6,49.6,45100000000,27400,21.30635631,0,1,0,0,0,0,0,0,29.4,39.2,38,0,53.49154282,55.39570618
0,0,0,0,1,41,47.5,42,50.25,43.62,47.23,43.73,46.87,4,-0.4,4.8,2.7,9,0,60.6,0,60.6,53700000000,31400,22.12085901,0,1,0,0,0,0,0,0,35,29.4,42,0,39.50060272,51.80332184
0,1,0,1,0,47.33,47.33,46,48,44.5,52,47.4,49.8,5.7,-0.3,2.9,1.9,3,1,62.2,0,0,66400000000,38100,22.54750328,0,1,0,0,0,0,0,0,33.3,35,46,0,25.46921158,35.30181122
0,1,0,0,0,46.5,42.5,47.67,43,46.67,46.33,51.8,41.6,5,0.6,1.9,4.1,0,1,36.5,0,0,83100000000,46600,23.03879063,0,1,0,0,0,0,0,0,32.7,33.3,50,0,33.38406754,35.23641968
0,0,1,0,1,47.25,45,46.33,46,49.67,44,48,47.25,8.5,-0.8,1.6,3,3,0,49.1,49.1,49.1,99600000000,53700,23.99550808,0,1,0,0,0,0,0,0,42,32.7,54,0,48.30276871,32.0900383
0,0,0,0,1,40.33,38.33,42.67,37.33,42.33,40,45.25,40.25,5,-0.6,2.9,0.7,7,0,46.7,0,46.7,1.15E+11,60300,24.6419388,0,1,0,0,0,0,0,0,38,42,58,0,37.29031372,31.55810165
0,1,0,1,0,37,56,30.5,60.5,33,61,35,59.5,6,-0.1,3.3,3.3,2,1,55.8,0,0,3610000000,6770,4.820396372,0,0,0,1,0,0,0,0,39.3,58.6,14,0,24.66340256,37.21737671
0,1,0,0,0,62,29,52.5,34,51,40,47.33,45,4.9,-0.3,5.6,8.7,1,0,47.2,0,0,5530000000,9020,5.543908023,0,0,0,1,0,0,0,0,36.3,39.3,18,0,25.18650627,52.0199852
1,0,1,0,1,35,34.75,35.67,40.67,35.67,40.67,44.33,42,6,0,3.2,13.3,0,0,45.5,45.5,45.5,10300000000,12800,7.298423776,0,0,0,1,0,0,0,0,45.8,36.3,22,0,31.78531647,56.96680069
0,1,0,1,0,41,53,38.5,55.25,38.5,55.25,39.33,57.67,8.3,-2.5,4.6,3.8,2,0,50.3,0,0,15100000000,16500,8.2842084,0,0,0,1,0,0,0,0,26.9,45.8,26,0,21.48111916,41.05885315
0,1,0,0,0,50.5,39,49,42,41.5,48,40,50,5.7,-0.9,3.5,4.4,6,0,55.3,0,0,22000000000,20900,9.532265997,0,0,0,1,0,0,0,0,32,26.9,30,0,43.02758026,61.70594788
1,1,0,1,0,52.25,37.5,52.67,39.33,52,38.8,44.92,33.83,7.3,1,-0.1,3.1,1,0,60.9,0,0,32800000000,24600,12.08264457,0,0,0,1,0,0,0,0,37.9,32,34,0,44.83709335,53.61598206
1,0,1,0,1,50,34,51.2,35.8,52.77,35.23,52.2,35.8,5.6,0.1,2.7,2.5,5,0,49.6,49.6,49.6,49200000000,30800,14.47023301,0,0,0,1,0,0,0,0,37.4,37.9,38,0,44.16591644,56.38130569
0,0,0,0,1,41,47.5,42,50.25,43.62,47.23,43.73,46.87,4,-0.4,4.8,2.7,9,0,60.6,0,60.6,71500000000,35800,18.06970347,0,0,0,1,0,0,0,0,43.9,37.4,42,0,39.51177597,48.97509766
0,1,0,1,0,47.33,47.33,46,48,44.5,52,47.4,49.8,5.7,-0.3,2.9,1.9,3,1,62.2,0,0,90800000000,39000,21.07227682,0,0,0,1,0,0,0,0,46,43.9,46,0,50.77494049,36.06028748
0,1,0,0,0,46.5,42.5,47.67,43,46.67,46.33,51.8,41.6,5,0.6,1.9,4.1,0,1,36.5,0,0,1.32E+11,50500,23.65883098,0,0,0,1,0,0,0,0,47.9,46,50,0,52.13759613,36.08316422
0,0,1,0,1,47.25,45,46.33,46,49.67,44,48,47.25,8.5,-0.8,1.6,3,3,0,49.1,49.1,49.1,1.27E+11,46100,24.91593247,0,0,0,1,0,0,0,0,55,47.9,54,0,57.49032974,40.83628464
0,0,0,0,1,40.33,38.33,42.67,37.33,42.33,40,45.25,40.25,5,-0.6,2.9,0.7,7,0,46.7,0,46.7,1.44E+11,49300,26.40817525,0,0,0,1,0,0,0,0,52,55,58,0,47.47132492,43.57808685
0,1,0,1,0,37,56,30.5,60.5,33,61,35,59.5,6,-0.1,3.3,3.3,2,1,55.8,0,0,3330000000,4300,82.78818632,1,0,0,0,0,0,0,0,43.9,63.9,14,0,50.10679626,50.68148041
0,1,0,0,0,62,29,52.5,34,51,40,47.33,45,4.9,-0.3,5.6,8.7,1,0,47.2,0,0,4840000000,5850,88.45714481,1,0,0,0,0,0,0,0,34.9,43.9,18,0,34.49103546,35.56337738
1,0,1,0,1,35,34.75,35.67,40.67,35.67,40.67,44.33,42,6,0,3.2,13.3,0,0,45.5,45.5,45.5,8350000000,9050,98.72544699,1,0,0,0,0,0,0,0,43.5,34.9,22,0,49.32227325,38.58827591
0,1,0,1,0,41,53,38.5,55.25,38.5,55.25,39.33,57.67,8.3,-2.5,4.6,3.8,2,0,50.3,0,0,12600000000,12900,104.6083284,1,0,0,0,0,0,0,0,28.4,43.5,26,0,37.69108963,52.78373718
0,1,0,0,0,50.5,39,49,42,41.5,48,40,50,5.7,-0.9,3.5,4.4,6,0,55.3,0,0,21000000000,19400,116.0532069,1,0,0,0,0,0,0,0,30.9,28.4,30,0,31.70233154,27.83804131
1,1,0,1,0,52.25,37.5,52.67,39.33,52,38.8,44.92,33.83,7.3,1,-0.1,3.1,1,0,60.9,0,0,24800000000,22200,119.2620514,1,0,0,0,0,0,0,0,36.3,30.9,34,0,42.41848373,25.37726593
1,0,1,0,1,50,34,51.2,35.8,52.77,35.23,52.2,35.8,5.6,0.1,2.7,2.5,5,0,49.6,49.6,49.6,31900000000,27500,124.075318,1,0,0,0,0,0,0,0,38.9,36.3,38,0,48.09762955,28.71646309
0,0,0,0,1,41,47.5,42,50.25,43.62,47.23,43.73,46.87,4,-0.4,4.8,2.7,9,0,60.6,0,60.6,41900000000,33900,132.2043906,1,0,0,0,0,0,0,0,49.3,38.9,42,0,31.14267349,26.89889526
0,1,0,1,0,47.33,47.33,46,48,44.5,52,47.4,49.8,5.7,-0.3,2.9,1.9,3,1,62.2,0,0,51400000000,39700,138.4081565,1,0,0,0,0,0,0,0,46.8,49.3,46,0,36.8311615,47.78549194
0,1,0,0,0,46.5,42.5,47.67,43,46.67,46.33,51.8,41.6,5,0.6,1.9,4.1,0,1,36.5,0,0,60700000000,45900,141.4030779,1,0,0,0,0,0,0,0,50.2,46.8,50,0,47.12168884,29.62776947
0,0,1,0,1,47.25,45,46.33,46,49.67,44,48,47.25,8.5,-0.8,1.6,3,3,0,49.1,49.1,49.1,65400000000,49500,141.2961164,1,0,0,0,0,0,0,0,54,50.2,54,0,59.72382355,63.56723785
0,0,0,0,1,40.33,38.33,42.67,37.33,42.33,40,45.25,40.25,5,-0.6,2.9,0.7,7,0,46.7,0,46.7,75900000000,56600,143.5423075,1,0,0,0,0,0,0,0,52,54,58,0,50.88744736,46.93997192
0,1,0,1,0,37,56,30.5,60.5,33,61,35,59.5,6,-0.1,3.3,3.3,2,1,55.8,0,0,41300000000,5620,842.5259499,1,0,0,0,0,0,0,0,44,65.6,14,0,73.38568878,57.25568008
0,1,0,0,0,62,29,52.5,34,51,40,47.33,45,4.9,-0.3,5.6,8.7,1,0,47.2,0,0,56100000000,7640,841.3795001,1,0,0,0,0,0,0,0,36.8,44,18,0,59.86608124,46.96274948
1,0,1,0,1,35,34.75,35.67,40.67,35.67,40.67,44.33,42,6,0,3.2,13.3,0,0,45.5,45.5,45.5,81100000000,11000,845.7360093,1,0,0,0,0,0,0,0,47.9,36.8,22,0,70.98096466,68.60392761
0,1,0,1,0,41,53,38.5,55.25,38.5,55.25,39.33,57.67,8.3,-2.5,4.6,3.8,2,0,50.3,0,0,1.18E+11,15700,861.9009513,1,0,0,0,0,0,0,0,38.6,47.9,26,0,65.54325867,66.11522675
0,1,0,0,0,50.5,39,49,42,41.5,48,40,50,5.7,-0.9,3.5,4.4,6,0,55.3,0,0,1.75E+11,22700,884.8299471,1,0,0,0,0,0,0,0,39.2,38.6,30,0,61.87014389,51.33242416
1,1,0,1,0,52.25,37.5,52.67,39.33,52,38.8,44.92,33.83,7.3,1,-0.1,3.1,1,0,60.9,0,0,2.22E+11,28400,896.5237349,1,0,0,0,0,0,0,0,42.6,39.2,34,0,72.59108734,49.20384979
1,0,1,0,1,50,34,51.2,35.8,52.77,35.23,52.2,35.8,5.6,0.1,2.7,2.5,5,0,49.6,49.6,49.6,2.63E+11,32800,918.076991,1,0,0,0,0,0,0,0,43,42.6,38,0,64.97834015,53.91348267
0,0,0,0,1,41,47.5,42,50.25,43.62,47.23,43.73,46.87,4,-0.4,4.8,2.7,9,0,60.6,0,60.6,3.37E+11,40100,964.6228524,1,0,0,0,0,0,0,0,53.7,43,42,0,61.63549042,38.60035706
0,1,0,1,0,47.33,47.33,46,48,44.5,52,47.4,49.8,5.7,-0.3,2.9,1.9,3,1,62.2,0,0,4.05E+11,46900,990.6472626,1,0,0,0,0,0,0,0,56.1,53.7,46,0,57.95651245,38.72401428
0,1,0,0,0,46.5,42.5,47.67,43,46.67,46.33,51.8,41.6,5,0.6,1.9,4.1,0,1,36.5,0,0,4.81E+11,55500,993.1694522,1,0,0,0,0,0,0,0,52.9,56.1,50,0,67.49102783,68.02690887
0,0,1,0,1,47.25,45,46.33,46,49.67,44,48,47.25,8.5,-0.8,1.6,3,3,0,49.1,49.1,49.1,4.99E+11,56200,1017.474188,1,0,0,0,0,0,0,0,57,52.9,54,0,72.18222046,69.14151001
0,0,0,0,1,40.33,38.33,42.67,37.33,42.33,40,45.25,40.25,5,-0.6,2.9,0.7,7,0,46.7,0,46.7,5.69E+11,64100,1017.474188,1,0,0,0,0,0,0,0,58,57,58,0,59.37340927,52.22249985
0,1,0,1,0,37,56,30.5,60.5,33,61,35,59.5,6,-0.1,3.3,3.3,2,1,55.8,0,0,4820000000,4480,8.849390124,0,0,0,1,0,0,0,0,39.7,59,14,0,29.94424057,46.55575562
0,1,0,0,0,62,29,52.5,34,51,40,47.33,45,4.9,-0.3,5.6,8.7,1,0,47.2,0,0,8100000000,6910,9.638926789,0,0,0,1,0,0,0,0,36.5,39.7,18,0,38.53765869,56.15358734
1,0,1,0,1,35,34.75,35.67,40.67,35.67,40.67,44.33,42,6,0,3.2,13.3,0,0,45.5,45.5,45.5,13100000000,10000,10.73276404,0,0,0,1,0,0,0,0,48.1,36.5,22,0,22.71107674,54.27565384
0,1,0,1,0,41,53,38.5,55.25,38.5,55.25,39.33,57.67,8.3,-2.5,4.6,3.8,2,0,50.3,0,0,19900000000,13900,11.73613356,0,0,0,1,0,0,0,0,36.7,48.1,26,0,15.34653187,45.06970596
0,1,0,0,0,50.5,39,49,42,41.5,48,40,50,5.7,-0.9,3.5,4.4,6,0,55.3,0,0,22400000000,14800,12.4187538,0,0,0,1,0,0,0,0,39.2,36.7,30,0,53.72961044,63.06007004
1,1,0,1,0,52.25,37.5,52.67,39.33,52,38.8,44.92,33.83,7.3,1,-0.1,3.1,1,0,60.9,0,0,30300000000,19200,13.0109063,0,0,0,1,0,0,0,0,46.9,39.2,34,0,49.02623367,46.63711548
1,0,1,0,1,50,34,51.2,35.8,52.77,35.23,52.2,35.8,5.6,0.1,2.7,2.5,5,0,49.6,49.6,49.6,42100000000,24600,14.04717317,0,0,0,1,0,0,0,0,45.9,46.9,38,0,51.29377747,64.56237793
0,0,0,0,1,41,47.5,42,50.25,43.62,47.23,43.73,46.87,4,-0.4,4.8,2.7,9,0,60.6,0,60.6,53100000000,29200,14.96007494,0,0,0,1,0,0,0,0,49.2,45.9,42,0,49.24517441,50.85932541
0,1,0,1,0,47.33,47.33,46,48,44.5,52,47.4,49.8,5.7,-0.3,2.9,1.9,3,1,62.2,0,0,62900000000,33200,15.56045178,0,0,0,1,0,0,0,0,47.9,49.2,46,0,42.08226013,51.05074692
0,1,0,0,0,46.5,42.5,47.67,43,46.67,46.33,51.8,41.6,5,0.6,1.9,4.1,0,1,36.5,0,0,80600000000,40600,16.3417641,0,0,0,1,0,0,0,0,49,47.9,50,0,56.92579269,66.92343903
0,0,1,0,1,47.25,45,46.33,46,49.67,44,48,47.25,8.5,-0.8,1.6,3,3,0,49.1,49.1,49.1,86600000000,41500,17.14774945,0,0,0,1,0,0,0,0,57,49,54,0,68.09038544,66.92343903
0,0,0,0,1,40.33,38.33,42.67,37.33,42.33,40,45.25,40.25,5,-0.6,2.9,0.7,7,0,46.7,0,46.7,90800000000,43400,17.21354417,0,0,0,1,0,0,0,0,53,57,58,0,53.44274521,43.47837067
0,1,0,1,0,37,56,30.5,60.5,33,61,35,59.5,6,-0.1,3.3,3.3,2,1,55.8,0,0,1.19E+11,6470,337.274434,1,0,0,0,0,0,0,0,49.7,68.6,14,0,72.87747955,49.66669846
0,1,0,0,0,62,29,52.5,34,51,40,47.33,45,4.9,-0.3,5.6,8.7,1,0,47.2,0,0,1.55E+11,8560,331.7753943,1,0,0,0,0,0,0,0,41.2,49.7,18,0,57.7043457,44.27399826
1,0,1,0,1,35,34.75,35.67,40.67,35.67,40.67,44.33,42,6,0,3.2,13.3,0,0,45.5,45.5,45.5,2.18E+11,12400,322.6103281,1,0,0,0,0,0,0,0,51.9,41.2,22,0,62.88729095,63.31348419
0,1,0,1,0,41,53,38.5,55.25,38.5,55.25,39.33,57.67,8.3,-2.5,4.6,3.8,2,0,50.3,0,0,3.05E+11,17200,324.4433414,1,0,0,0,0,0,0,0,44,51.9,26,0,61.43320084,62.28872299
0,1,0,0,0,50.5,39,49,42,41.5,48,40,50,5.7,-0.9,3.5,4.4,6,0,55.3,0,0,4.18E+11,23400,328.1093678,1,0,0,0,0,0,0,0,45.8,44,30,0,60.50267029,63.33871841
1,1,0,1,0,52.25,37.5,52.67,39.33,52,38.8,44.92,33.83,7.3,1,-0.1,3.1,1,0,60.9,0,0,4.97E+11,27500,331.7753943,1,0,0,0,0,0,0,0,51.6,45.8,34,0,73.50461578,63.36750031
1,0,1,0,1,50,34,51.2,35.8,52.77,35.23,52.2,35.8,5.6,0.1,2.7,2.5,5,0,49.6,49.6,49.6,5.83E+11,32200,331.7753943,1,0,0,0,0,0,0,0,49.7,51.6,38,0,72.00557709,64.11612701
0,0,0,0,1,41,47.5,42,50.25,43.62,47.23,43.73,46.87,4,-0.4,4.8,2.7,9,0,60.6,0,60.6,7.94E+11,41800,348.2725133,1,0,0,0,0,0,0,0,59.5,49.7,42,0,64.27658844,47.13199615
0,1,0,1,0,47.33,47.33,46,48,44.5,52,47.4,49.8,5.7,-0.3,2.9,1.9,3,1,62.2,0,0,9.05E+11,46900,353.771553,1,0,0,0,0,0,0,0,60.2,59.5,46,0,60.58224106,47.06890488
0,1,0,0,0,46.5,42.5,47.67,43,46.67,46.33,51.8,41.6,5,0.6,1.9,4.1,0,1,36.5,0,0,1.11E+12,56900,357.4375795,1,0,0,0,0,0,0,0,58.4,60.2,50,0,72.58110809,46.28211594
0,0,1,0,1,47.25,45,46.33,46,49.67,44,48,47.25,8.5,-0.8,1.6,3,3,0,49.1,49.1,49.1,1.24E+12,63300,359.2705927,1,0,0,0,0,0,0,0,63,58.4,54,0,80.37998962,64.2359314
0,0,0,0,1,40.33,38.33,42.67,37.33,42.33,40,45.25,40.25,5,-0.6,2.9,0.7,7,0,46.7,0,46.7,1.49E+12,76000,359.2705927,1,0,0,0,0,0,0,0,63,63,58,0,60.71583557,64.78417206
0,1,0,1,0,37,56,30.5,60.5,33,61,35,59.5,6,-0.1,3.3,3.3,2,1,55.8,0,0,25000000000,4790,97.0100611,0,0,1,0,0,0,0,0,29.2,56.2,14,14,4.261007309,53.86317825
0,1,0,0,0,62,29,52.5,34,51,40,47.33,45,4.9,-0.3,5.6,8.7,1,0,47.2,0,0,36000000000,6590,101.4880203,0,0,1,0,0,0,0,0,28.9,29.2,18,18,14.12107658,55.29286957
1,0,1,0,1,35,34.75,35.67,40.67,35.67,40.67,44.33,42,6,0,3.2,13.3,0,0,45.5,45.5,45.5,54500000000,9260,109.4034169,0,0,1,0,0,0,0,0,55.2,28.9,22,22,27.57229042,44.09792328
0,1,0,1,0,41,53,38.5,55.25,38.5,55.25,39.33,57.67,8.3,-2.5,4.6,3.8,2,0,50.3,0,0,77500000000,12600,114.6246058,0,0,1,0,0,0,0,0,47.2,55.2,26,26,24.59956741,60.07042313
0,1,0,0,0,50.5,39,49,42,41.5,48,40,50,5.7,-0.9,3.5,4.4,6,0,55.3,0,0,1.13E+11,17400,120.5704437,0,0,1,0,0,0,0,0,37.9,47.2,30,30,30.89660072,59.89268875
1,1,0,1,0,52.25,37.5,52.67,39.33,52,38.8,44.92,33.83,7.3,1,-0.1,3.1,1,0,60.9,0,0,1.46E+11,21400,127.0179616,0,0,1,0,0,0,0,0,41.7,37.9,34,34,47.96040344,43.51875305
1,0,1,0,1,50,34,51.2,35.8,52.77,35.23,52.2,35.8,5.6,0.1,2.7,2.5,5,0,49.6,49.6,49.6,1.93E+11,26400,135.8066532,0,0,1,0,0,0,0,0,42.7,41.7,38,38,42.73139954,43.53873444
0,0,0,0,1,41,47.5,42,50.25,43.62,47.23,43.73,46.87,4,-0.4,4.8,2.7,9,0,60.6,0,60.6,2.64E+11,32800,149.5564033,0,0,1,0,0,0,0,0,44,42.7,42,42,42.2868042,56.3446846
0,1,0,1,0,47.33,47.33,46,48,44.5,52,47.4,49.8,5.7,-0.3,2.9,1.9,3,1,62.2,0,0,3.09E+11,36200,158.6423868,0,0,1,0,0,0,0,0,43.2,44,46,46,38.041996,64.99204254
0,1,0,0,0,46.5,42.5,47.67,43,46.67,46.33,51.8,41.6,5,0.6,1.9,4.1,0,1,36.5,0,0,3.96E+11,42800,171.8161339,0,0,1,0,0,0,0,0,43.6,43.2,50,50,45.76927185,62.34217072
0,0,1,0,1,47.25,45,46.33,46,49.67,44,48,47.25,8.5,-0.8,1.6,3,3,0,49.1,49.1,49.1,4.27E+11,43800,181.1065056,0,0,1,0,0,0,0,0,50,43.6,54,54,62.43188858,63.96995163
0,0,0,0,1,40.33,38.33,42.67,37.33,42.33,40,45.25,40.25,5,-0.6,2.9,0.7,7,0,46.7,0,46.7,5.03E+11,49300,189.5235823,0,0,1,0,0,0,0,0,48,50,58,58,40.83254623,46.06940079
0,1,0,1,0,37,56,30.5,60.5,33,61,35,59.5,6,-0.1,3.3,3.3,2,1,55.8,0,0,2630000000,4150,8.967681269,0,1,0,0,0,0,0,0,38.2,58,14,0,40.06373215,54.77867126
0,1,0,0,0,62,29,52.5,34,51,40,47.33,45,4.9,-0.3,5.6,8.7,1,0,47.2,0,0,4870000000,7550,9.123271953,0,1,0,0,0,0,0,0,35.8,38.2,18,0,40.51589203,56.54338837
1,0,1,0,1,35,34.75,35.67,40.67,35.67,40.67,44.33,42,6,0,3.2,13.3,0,0,45.5,45.5,45.5,7220000000,11000,9.250573422,0,1,0,0,0,0,0,0,45.8,35.8,22,0,43.98479462,55.87273407
0,1,0,1,0,41,53,38.5,55.25,38.5,55.25,39.33,57.67,8.3,-2.5,4.6,3.8,2,0,50.3,0,0,10000000000,14600,9.717345476,0,1,0,0,0,0,0,0,26.3,45.8,26,0,47.59442139,55.87273407
0,1,0,0,0,50.5,39,49,42,41.5,48,40,50,5.7,-0.9,3.5,4.4,6,0,55.3,0,0,10300000000,15400,9.434453322,0,1,0,0,0,0,0,0,33.8,26.3,30,0,69.9369812,48.87124634
1,1,0,1,0,52.25,37.5,52.67,39.33,52,38.8,44.92,33.83,7.3,1,-0.1,3.1,1,0,60.9,0,0,11700000000,18500,8.967681269,0,1,0,0,0,0,0,0,43,33.8,34,0,68.95703125,58.95868683
1,0,1,0,1,50,34,51.2,35.8,52.77,35.23,52.2,35.8,5.6,0.1,2.7,2.5,5,0,49.6,49.6,49.6,14800000000,23000,9.094982738,0,1,0,0,0,0,0,0,32.2,43,38,0,65.45597839,60.24204254
0,0,0,0,1,41,47.5,42,50.25,43.62,47.23,43.73,46.87,4,-0.4,4.8,2.7,9,0,60.6,0,60.6,17000000000,26500,9.08083813,0,1,0,0,0,0,0,0,40.1,32.2,42,0,54.79085922,42.75408936
0,1,0,1,0,47.33,47.33,46,48,44.5,52,47.4,49.8,5.7,-0.3,2.9,1.9,3,1,62.2,0,0,22100000000,34700,9.010115092,0,1,0,0,0,0,0,0,33.1,40.1,46,0,55.8248024,32.22839355
0,1,0,0,0,46.5,42.5,47.67,43,46.67,46.33,51.8,41.6,5,0.6,1.9,4.1,0,1,36.5,0,0,28700000000,44800,9.066693523,0,1,0,0,0,0,0,0,35.5,33.1,50,0,63.28768921,40.25243759
0,0,1,0,1,47.25,45,46.33,46,49.67,44,48,47.25,8.5,-0.8,1.6,3,3,0,49.1,49.1,49.1,41200000000,58700,9.929514591,0,1,0,0,0,0,0,0,45,35.5,54,0,67.37831116,33.69369125
0,0,0,0,1,40.33,38.33,42.67,37.33,42.33,40,45.25,40.25,5,-0.6,2.9,0.7,7,0,46.7,0,46.7,54900000000,72800,10.66503419,0,1,0,0,0,0,0,0,39,45,58,0,48.1371727,32.97283936
0,1,0,1,0,37,56,30.5,60.5,33,61,35,59.5,6,-0.1,3.3,3.3,2,1,55.8,0,0,58000000000,5420,238.7029906,0,1,0,0,0,0,0,0,42.9,62.9,14,0,50.75385284,34.84062195
0,1,0,0,0,62,29,52.5,34,51,40,47.33,45,4.9,-0.3,5.6,8.7,1,0,47.2,0,0,78100000000,7300,238.7029906,0,1,0,0,0,0,0,0,38.1,42.9,18,0,50.92371368,54.52056122
1,0,1,0,1,35,34.75,35.67,40.67,35.67,40.67,44.33,42,6,0,3.2,13.3,0,0,45.5,45.5,45.5,1.17E+11,10800,240.9338596,0,1,0,0,0,0,0,0,48.9,38.1,22,0,47.63516235,51.18216705
0,1,0,1,0,41,53,38.5,55.25,38.5,55.25,39.33,57.67,8.3,-2.5,4.6,3.8,2,0,50.3,0,0,1.45E+11,13600,238.7029906,0,1,0,0,0,0,0,0,40.9,48.9,26,0,45.36808777,48.48651123
0,1,0,0,0,50.5,39,49,42,41.5,48,40,50,5.7,-0.9,3.5,4.4,6,0,55.3,0,0,1.92E+11,17600,243.1647287,0,1,0,0,0,0,0,0,40.1,40.9,30,0,49.21790695,63.79358292
1,1,0,1,0,52.25,37.5,52.67,39.33,52,38.8,44.92,33.83,7.3,1,-0.1,3.1,1,0,60.9,0,0,2.34E+11,21300,245.3955978,0,1,0,0,0,0,0,0,44.1,40.1,34,0,56.99909973,58.83822632
1,0,1,0,1,50,34,51.2,35.8,52.77,35.23,52.2,35.8,5.6,0.1,2.7,2.5,5,0,49.6,49.6,49.6,2.98E+11,26600,249.8573359,0,1,0,0,0,0,0,0,40.2,44.1,38,0,54.72200775,41.34006119
0,0,0,0,1,41,47.5,42,50.25,43.62,47.23,43.73,46.87,4,-0.4,4.8,2.7,9,0,60.6,0,60.6,3.76E+11,33000,254.3190741,0,1,0,0,0,0,0,0,47.4,40.2,42,0,45.82920074,33.83299637
0,1,0,1,0,47.33,47.33,46,48,44.5,52,47.4,49.8,5.7,-0.3,2.9,1.9,3,1,62.2,0,0,4.25E+11,37000,256.5499431,0,1,0,0,0,0,0,0,46.4,47.4,46,0,44.70298767,33.2146759
0,1,0,0,0,46.5,42.5,47.67,43,46.67,46.33,51.8,41.6,5,0.6,1.9,4.1,0,1,36.5,0,0,4.91E+11,42700,256.5499431,0,1,0,0,0,0,0,0,48.7,46.4,50,0,52.15552521,33.18482208
0,0,1,0,1,47.25,45,46.33,46,49.67,44,48,47.25,8.5,-0.8,1.6,3,3,0,49.1,49.1,49.1,5.25E+11,45300,258.7808122,0,1,0,0,0,0,0,0,52,48.7,54,0,62.28827286,53.38684845
0,0,0,0,1,40.33,38.33,42.67,37.33,42.33,40,45.25,40.25,5,-0.6,2.9,0.7,7,0,46.7,0,46.7,6.10E+11,52600,258.7808122,0,1,0,0,0,0,0,0,51,52,58,0,48.52020645,28.53730011
0,1,0,1,0,37,56,30.5,60.5,33,61,35,59.5,6,-0.1,3.3,3.3,2,1,55.8,0,0,11300000000,4290,37.66870623,0,0,1,0,0,0,0,0,32,55.7,14,14,23.76312447,50.69165039
0,1,0,0,0,62,29,52.5,34,51,40,47.33,45,4.9,-0.3,5.6,8.7,1,0,47.2,0,0,18200000000,6570,39.62868069,0,0,1,0,0,0,0,0,24,32,18,18,28.98390961,64.16499329
1,0,1,0,1,35,34.75,35.67,40.67,35.67,40.67,44.33,42,6,0,3.2,13.3,0,0,45.5,45.5,45.5,31500000000,10400,43.46279132,0,0,1,0,0,0,0,0,48.7,24,22,22,25.46374321,59.92957687
0,1,0,1,0,41,53,38.5,55.25,38.5,55.25,39.33,57.67,8.3,-2.5,4.6,3.8,2,0,50.3,0,0,47700000000,14400,47.51149768,0,0,1,0,0,0,0,0,35,48.7,26,26,27.79864502,58.09859085
0,1,0,0,0,50.5,39,49,42,41.5,48,40,50,5.7,-0.9,3.5,4.4,6,0,55.3,0,0,49100000000,15200,46.26684237,0,0,1,0,0,0,0,0,30.7,35,30,30,26.18379784,56.69852448
1,1,0,1,0,52.25,37.5,52.67,39.33,52,38.8,44.92,33.83,7.3,1,-0.1,3.1,1,0,60.9,0,0,59600000000,18600,45.85195726,0,0,1,0,0,0,0,0,41.3,30.7,34,34,45.55487061,41.17035675
1,0,1,0,1,50,34,51.2,35.8,52.77,35.23,52.2,35.8,5.6,0.1,2.7,2.5,5,0,49.6,49.6,49.6,70900000000,21500,47.15383811,0,0,1,0,0,0,0,0,34,41.3,38,38,44.51517868,56.65995789
0,0,0,0,1,41,47.5,42,50.25,43.62,47.23,43.73,46.87,4,-0.4,4.8,2.7,9,0,60.6,0,60.6,84100000000,24400,49.37132746,0,0,1,0,0,0,0,0,40.4,34,42,42,9.250916481,38.40184021
0,1,0,1,0,47.33,47.33,46,48,44.5,52,47.4,49.8,5.7,-0.3,2.9,1.9,3,1,62.2,0,0,1.05E+11,29900,50.31554873,0,0,1,0,0,0,0,0,38.4,40.4,46,46,22.70040703,39.70503235
0,1,0,0,0,46.5,42.5,47.67,43,46.67,46.33,51.8,41.6,5,0.6,1.9,4.1,0,1,36.5,0,0,1.45E+11,39800,52.13245937,0,0,1,0,0,0,0,0,34.4,38.4,50,50,28.27134895,55.92823029
0,0,1,0,1,47.25,45,46.33,46,49.67,44,48,47.25,8.5,-0.8,1.6,3,3,0,49.1,49.1,49.1,1.65E+11,43200,54.62176999,0,0,1,0,0,0,0,0,34,34.4,54,54,33.84333801,45.05104446
0,0,0,0,1,40.33,38.33,42.67,37.33,42.33,40,45.25,40.25,5,-0.6,2.9,0.7,7,0,46.7,0,46.7,1.85E+11,47100,56.18116573,0,0,1,0,0,0,0,0,33,34,58,58,13.4823761,23.68376923
0,1,0,1,0,37,56,30.5,60.5,33,61,35,59.5,6,-0.1,3.3,3.3,2,1,55.8,0,0,10900000000,4990,22.21012835,0,0,0,1,0,0,0,0,43.8,63.7,14,0,54.23101807,50.37726593
0,1,0,0,0,62,29,52.5,34,51,40,47.33,45,4.9,-0.3,5.6,8.7,1,0,47.2,0,0,16800000000,7220,23.64336775,0,0,0,1,0,0,0,0,42.3,43.8,18,0,45.49475479,47.44886017
1,0,1,0,1,35,34.75,35.67,40.67,35.67,40.67,44.33,42,6,0,3.2,13.3,0,0,45.5,45.5,45.5,28400000000,10800,26.81479111,0,0,0,1,0,0,0,0,47.6,42.3,22,0,60.45752335,65.51811218
0,1,0,1,0,41,53,38.5,55.25,38.5,55.25,39.33,57.67,8.3,-2.5,4.6,3.8,2,0,50.3,0,0,33700000000,12600,27.23154867,0,0,0,1,0,0,0,0,38.7,47.6,26,0,60.60942459,54.57243729
0,1,0,0,0,50.5,39,49,42,41.5,48,40,50,5.7,-0.9,3.5,4.4,6,0,55.3,0,0,44600000000,16100,28.13621751,0,0,0,1,0,0,0,0,43.7,38.7,30,0,56.6739502,49.53470612
1,1,0,1,0,52.25,37.5,52.67,39.33,52,38.8,44.92,33.83,7.3,1,-0.1,3.1,1,0,60.9,0,0,59400000000,20000,30.20984048,0,0,0,1,0,0,0,0,51.3,43.7,34,0,64.69506836,62.55295563
1,0,1,0,1,50,34,51.2,35.8,52.77,35.23,52.2,35.8,5.6,0.1,2.7,2.5,5,0,49.6,49.6,49.6,81600000000,25500,32.476595,0,0,0,1,0,0,0,0,42.5,51.3,38,0,69.01617432,64.09764099
0,0,0,0,1,41,47.5,42,50.25,43.62,47.23,43.73,46.87,4,-0.4,4.8,2.7,9,0,60.6,0,60.6,1.08E+11,31600,34.77384397,0,0,0,1,0,0,0,0,47.2,42.5,42,0,59.20533371,53.05398941
0,1,0,1,0,47.33,47.33,46,48,44.5,52,47.4,49.8,5.7,-0.3,2.9,1.9,3,1,62.2,0,0,1.27E+11,35400,36.42054456,0,0,0,1,0,0,0,0,47,47.2,46,0,52.31438065,54.09758759
0,1,0,0,0,46.5,42.5,47.67,43,46.67,46.33,51.8,41.6,5,0.6,1.9,4.1,0,1,36.5,0,0,1.62E+11,42800,38.45350825,0,0,0,1,0,0,0,0,51.3,47,50,0,62.87963104,57.03571701
0,0,1,0,1,47.25,45,46.33,46,49.67,44,48,47.25,8.5,-0.8,1.6,3,3,0,49.1,49.1,49.1,1.71E+11,43900,39.6326272,0,0,0,1,0,0,0,0,57,51.3,54,0,74.06719971,65.85009766
0,0,0,0,1,40.33,38.33,42.67,37.33,42.33,40,45.25,40.25,5,-0.6,2.9,0.7,7,0,46.7,0,46.7,2.03E+11,49600,41.58427234,0,0,0,1,0,0,0,0,54,57,58,0,57.40513229,61.70068359
0,1,0,1,0,37,56,30.5,60.5,33,61,35,59.5,6,-0.1,3.3,3.3,2,1,55.8,0,0,60300000000,5070,258.3904145,1,0,0,0,0,0,0,0,47.6,64.9,14,0,61.84376526,44.90229034
0,1,0,0,0,62,29,52.5,34,51,40,47.33,45,4.9,-0.3,5.6,8.7,1,0,47.2,0,0,84100000000,7130,256.2190664,1,0,0,0,0,0,0,0,39.1,47.6,18,0,56.94215775,64.93354034
1,0,1,0,1,35,34.75,35.67,40.67,35.67,40.67,44.33,42,6,0,3.2,13.3,0,0,45.5,45.5,45.5,1.21E+11,10200,258.3904145,1,0,0,0,0,0,0,0,50.4,39.1,22,0,54.12042618,67.17190552
0,1,0,1,0,41,53,38.5,55.25,38.5,55.25,39.33,57.67,8.3,-2.5,4.6,3.8,2,0,50.3,0,0,1.52E+11,12800,258.3904145,1,0,0,0,0,0,0,0,42.5,50.4,26,0,48.92887497,47.22354889
0,1,0,0,0,50.5,39,49,42,41.5,48,40,50,5.7,-0.9,3.5,4.4,6,0,55.3,0,0,2.03E+11,16900,260.5617625,1,0,0,0,0,0,0,0,46,42.5,30,0,56.0551033,43.32512283
1,1,0,1,0,52.25,37.5,52.67,39.33,52,38.8,44.92,33.83,7.3,1,-0.1,3.1,1,0,60.9,0,0,2.55E+11,21300,260.5617625,1,0,0,0,0,0,0,0,48.4,46,34,0,65.74315643,57.35183334
1,0,1,0,1,50,34,51.2,35.8,52.77,35.23,52.2,35.8,5.6,0.1,2.7,2.5,5,0,49.6,49.6,49.6,3.13E+11,26100,260.5617625,1,0,0,0,0,0,0,0,45.1,48.4,38,0,57.38005829,59.87142563
0,0,0,0,1,41,47.5,42,50.25,43.62,47.23,43.73,46.87,4,-0.4,4.8,2.7,9,0,60.6,0,60.6,3.90E+11,31700,267.0758065,1,0,0,0,0,0,0,0,49.2,45.1,42,0,49.27009201,39.50449371
0,1,0,1,0,47.33,47.33,46,48,44.5,52,47.4,49.8,5.7,-0.3,2.9,1.9,3,1,62.2,0,0,4.55E+11,37000,267.0758065,1,0,0,0,0,0,0,0,50.6,49.2,46,0,47.44041824,35.74788666
0,1,0,0,0,46.5,42.5,47.67,43,46.67,46.33,51.8,41.6,5,0.6,1.9,4.1,0,1,36.5,0,0,5.61E+11,44500,273.5898506,1,0,0,0,0,0,0,0,50.9,50.6,50,0,54.22881699,53.36948776
0,0,1,0,1,47.25,45,46.33,46,49.67,44,48,47.25,8.5,-0.8,1.6,3,3,0,49.1,49.1,49.1,6.19E+11,48400,277.9325466,1,0,0,0,0,0,0,0,54,50.9,54,0,71.82540131,54.88837814
0,0,0,0,1,40.33,38.33,42.67,37.33,42.33,40,45.25,40.25,5,-0.6,2.9,0.7,7,0,46.7,0,46.7,7.10E+11,55500,277.9325466,1,0,0,0,0,0,0,0,52,54,58,0,48.6057663,35.15764618
0,1,0,1,0,37,56,30.5,60.5,33,61,35,59.5,6,-0.1,3.3,3.3,2,1,55.8,0,0,4600000000,4750,627.2291231,1,0,0,0,0,0,0,0,64,80.9,14,0,68.46607208,55.66426086
0,1,0,0,0,62,29,52.5,34,51,40,47.33,45,4.9,-0.3,5.6,8.7,1,0,47.2,0,0,6000000000,6410,605.868379,1,0,0,0,0,0,0,0,46.8,64,18,0,69.65866852,66.61217499
1,0,1,0,1,35,34.75,35.67,40.67,35.67,40.67,44.33,42,6,0,3.2,13.3,0,0,45.5,45.5,45.5,8840000000,9320,614.2832176,1,0,0,0,0,0,0,0,55.4,46.8,22,0,75.62941742,65.25402832
0,1,0,1,0,41,53,38.5,55.25,38.5,55.25,39.33,57.67,8.3,-2.5,4.6,3.8,2,0,50.3,0,0,12300000000,12800,621.4034656,1,0,0,0,0,0,0,0,47.7,55.4,26,0,75.16855621,66.11334229
0,1,0,0,0,50.5,39,49,42,41.5,48,40,50,5.7,-0.9,3.5,4.4,6,0,55.3,0,0,17900000000,18000,642.7642097,1,0,0,0,0,0,0,0,48,47.7,30,0,73.05168915,66.70272064
1,1,0,1,0,52.25,37.5,52.67,39.33,52,38.8,44.92,33.83,7.3,1,-0.1,3.1,1,0,60.9,0,0,21700000000,21700,647.942572,1,0,0,0,0,0,0,0,55.6,48,34,0,91.56639099,57.70875549
1,0,1,0,1,50,34,51.2,35.8,52.77,35.23,52.2,35.8,5.6,0.1,2.7,2.5,5,0,49.6,49.6,49.6,25500000000,25800,639.5277334,1,0,0,0,0,0,0,0,47,55.6,38,0,63.80406952,67.75653839
0,0,0,0,1,41,47.5,42,50.25,43.62,47.23,43.73,46.87,4,-0.4,4.8,2.7,9,0,60.6,0,60.6,32300000000,30800,678.36545,1,0,0,0,0,0,0,0,59.7,47,42,0,67.1894989,57.10093689
0,1,0,1,0,47.33,47.33,46,48,44.5,52,47.4,49.8,5.7,-0.3,2.9,1.9,3,1,62.2,0,0,40300000000,37600,694.5478319,1,0,0,0,0,0,0,0,61,59.7,46,0,77.25654602,58.1027832
0,1,0,0,0,46.5,42.5,47.67,43,46.67,46.33,51.8,41.6,5,0.6,1.9,4.1,0,1,36.5,0,0,47800000000,45400,682.2492216,1,0,0,0,0,0,0,0,59.4,61,50,0,79.7505188,59.50704193
0,0,1,0,1,47.25,45,46.33,46,49.67,44,48,47.25,8.5,-0.8,1.6,3,3,0,49.1,49.1,49.1,50200000000,47700,680.9546311,1,0,0,0,0,0,0,0,63,59.4,54,0,84.90477753,59.04792786
0,0,0,0,1,40.33,38.33,42.67,37.33,42.33,40,45.25,40.25,5,-0.6,2.9,0.7,7,0,46.7,0,46.7,56800000000,53700,684.1911075,1,0,0,0,0,0,0,0,63,63,58,0,79.42782593,63.97796631
0,1,0,1,0,37,56,30.5,60.5,33,61,35,59.5,6,-0.1,3.3,3.3,2,1,55.8,0,0,10600000000,3940,83.94624817,0,0,1,0,0,0,0,0,29.6,41.1,14,14,7.160276413,54.03252792
0,1,0,0,0,62,29,52.5,34,51,40,47.33,45,4.9,-0.3,5.6,8.7,1,0,47.2,0,0,16000000000,5630,88.81812864,0,0,1,0,0,0,0,0,27.7,29.6,18,18,14.04830837,55.89249802
1,0,1,0,1,35,34.75,35.67,40.67,35.67,40.67,44.33,42,6,0,3.2,13.3,0,0,45.5,45.5,45.5,25500000000,8150,97.6562195,0,0,1,0,0,0,0,0,56.2,27.7,22,22,30.34550095,46.50402069
0,1,0,1,0,41,53,38.5,55.25,38.5,55.25,39.33,57.67,8.3,-2.5,4.6,3.8,2,0,50.3,0,0,35900000000,10900,102.93409,0,0,1,0,0,0,0,0,48.1,56.2,26,26,30.36800766,63.02816772
0,1,0,0,0,50.5,39,49,42,41.5,48,40,50,5.7,-0.9,3.5,4.4,6,0,55.3,0,0,52700000000,15200,108.2119605,0,0,1,0,0,0,0,0,35.6,48.1,30,30,28.70833588,60.66398239
1,1,0,1,0,52.25,37.5,52.67,39.33,52,38.8,44.92,33.83,7.3,1,-0.1,3.1,1,0,60.9,0,0,68000000000,18900,112.5217009,0,0,1,0,0,0,0,0,37.6,35.6,34,34,48.26335144,47.10261536
1,0,1,0,1,50,34,51.2,35.8,52.77,35.23,52.2,35.8,5.6,0.1,2.7,2.5,5,0,49.6,49.6,49.6,87200000000,23300,116.7065214,0,0,1,0,0,0,0,0,39.9,37.6,38,38,48.20990372,47.10261536
0,0,0,0,1,41,47.5,42,50.25,43.62,47.23,43.73,46.87,4,-0.4,4.8,2.7,9,0,60.6,0,60.6,1.10E+11,27400,125.2947722,0,0,1,0,0,0,0,0,44,39.9,42,42,37.8012619,36.80917358
0,1,0,1,0,47.33,47.33,46,48,44.5,52,47.4,49.8,5.7,-0.3,2.9,1.9,3,1,62.2,0,0,1.30E+11,30900,131.1972428,0,0,1,0,0,0,0,0,40.9,44,46,46,44.79214859,55.43329239
0,1,0,0,0,46.5,42.5,47.67,43,46.67,46.33,51.8,41.6,5,0.6,1.9,4.1,0,1,36.5,0,0,1.59E+11,35300,140.6287037,0,0,1,0,0,0,0,0,40.9,40.9,50,50,40.77325058,25.34433365
0,0,1,0,1,47.25,45,46.33,46,49.67,44,48,47.25,8.5,-0.8,1.6,3,3,0,49.1,49.1,49.1,1.70E+11,36000,147.4368443,0,0,1,0,0,0,0,0,45,40.9,54,54,47.90153503,24.13068199
0,0,0,0,1,40.33,38.33,42.67,37.33,42.33,40,45.25,40.25,5,-0.6,2.9,0.7,7,0,46.7,0,46.7,2.04E+11,41100,154.8383551,0,0,1,0,0,0,0,0,44,45,58,58,35.64243317,18.48666573
0,1,0,1,0,37,56,30.5,60.5,33,61,35,59.5,6,-0.1,3.3,3.3,2,1,55.8,0,0,2660000000,3910,8.817921336,0,1,0,0,0,0,0,0,42,55.6,14,0,32.28180313,37.05566788
0,1,0,0,0,62,29,52.5,34,51,40,47.33,45,4.9,-0.3,5.6,8.7,1,0,47.2,0,0,4400000000,6410,8.895726524,0,1,0,0,0,0,0,0,45.5,42,18,0,45.34500504,58.29141998
1,0,1,0,1,35,34.75,35.67,40.67,35.67,40.67,44.33,42,6,0,3.2,13.3,0,0,45.5,45.5,45.5,6720000000,9740,8.94759665,0,1,0,0,0,0,0,0,48.9,45.5,22,0,47.40479279,72.40406799
0,1,0,1,0,41,53,38.5,55.25,38.5,55.25,39.33,57.67,8.3,-2.5,4.6,3.8,2,0,50.3,0,0,8120000000,11500,9.14210962,0,1,0,0,0,0,0,0,31.7,48.9,26,0,39.85454178,38.38028336
0,1,0,0,0,50.5,39,49,42,41.5,48,40,50,5.7,-0.9,3.5,4.4,6,0,55.3,0,0,10700000000,15000,9.258817403,0,1,0,0,0,0,0,0,36.5,31.7,30,0,43.86533356,38.38028336
1,1,0,1,0,52.25,37.5,52.67,39.33,52,38.8,44.92,33.83,7.3,1,-0.1,3.1,1,0,60.9,0,0,13700000000,19400,9.181012214,0,1,0,0,0,0,0,0,46.5,36.5,34,0,52.29383087,39.08450699
1,0,1,0,1,50,34,51.2,35.8,52.77,35.23,52.2,35.8,5.6,0.1,2.7,2.5,5,0,49.6,49.6,49.6,18100000000,24600,9.557070624,0,1,0,0,0,0,0,0,37.1,46.5,38,0,53.37476349,41.1950264
0,0,0,0,1,41,47.5,42,50.25,43.62,47.23,43.73,46.87,4,-0.4,4.8,2.7,9,0,60.6,0,60.6,21100000000,27900,9.790486189,0,1,0,0,0,0,0,0,43,37.1,42,0,42.85137939,40.49151993
0,1,0,1,0,47.33,47.33,46,48,44.5,52,47.4,49.8,5.7,-0.3,2.9,1.9,3,1,62.2,0,0,27400000000,35400,10.03686929,0,1,0,0,0,0,0,0,37.6,43,46,0,39.04403305,29.22534943
0,1,0,0,0,46.5,42.5,47.67,43,46.67,46.33,51.8,41.6,5,0.6,1.9,4.1,0,1,36.5,0,0,34700000000,43100,10.43886276,0,1,0,0,0,0,0,0,38.4,37.6,50,0,49.6823616,36.46881485
0,0,1,0,1,47.25,45,46.33,46,49.67,44,48,47.25,8.5,-0.8,1.6,3,3,0,49.1,49.1,49.1,41500000000,49700,10.8278887,0,1,0,0,0,0,0,0,45,38.4,54,0,55.88549042,30.12503242
0,0,0,0,1,40.33,38.33,42.67,37.33,42.33,40,45.25,40.25,5,-0.6,2.9,0.7,7,0,46.7,0,46.7,47800000000,55400,11.19097958,0,1,0,0,0,0,0,0,40,45,58,0,46.61509705,29.50201416
0,1,0,1,0,37,56,30.5,60.5,33,61,35,59.5,6,-0.1,3.3,3.3,2,1,55.8,0,0,17900000000,4400,96.62053542,0,0,1,0,0,0,0,0,28.1,55.5,14,14,25.60009956,64.91877747
0,1,0,0,0,62,29,52.5,34,51,40,47.33,45,4.9,-0.3,5.6,8.7,1,0,47.2,0,0,26600000000,6280,100.4644762,0,0,1,0,0,0,0,0,29.7,28.1,18,18,27.81230927,49.63455963
1,0,1,0,1,35,34.75,35.67,40.67,35.67,40.67,44.33,42,6,0,3.2,13.3,0,0,45.5,45.5,45.5,42200000000,9180,109.0302948,0,0,1,0,0,0,0,0,55.9,29.7,22,22,37.49267578,63.82461548
0,1,0,1,0,41,53,38.5,55.25,38.5,55.25,39.33,57.67,8.3,-2.5,4.6,3.8,2,0,50.3,0,0,57100000000,12100,112.1861227,0,0,1,0,0,0,0,0,48.4,55.9,26,26,39.24903488,50.25989532
0,1,0,0,0,50.5,39,49,42,41.5,48,40,50,5.7,-0.9,3.5,4.4,6,0,55.3,0,0,80700000000,16500,116.2198876,0,0,1,0,0,0,0,0,41.6,48.4,30,30,48.61029434,49.39099121
1,1,0,1,0,52.25,37.5,52.67,39.33,52,38.8,44.92,33.83,7.3,1,-0.1,3.1,1,0,60.9,0,0,1.01E+11,20100,119.2333474,0,0,1,0,0,0,0,0,41.5,41.6,34,34,52.44823074,62.21216202
1,0,1,0,1,50,34,51.2,35.8,52.77,35.23,52.2,35.8,5.6,0.1,2.7,2.5,5,0,49.6,49.6,49.6,1.37E+11,25800,125.9246516,0,0,1,0,0,0,0,0,47.1,41.5,38,38,48.56385422,61.14482117
0,0,0,0,1,41,47.5,42,50.25,43.62,47.23,43.73,46.87,4,-0.4,4.8,2.7,9,0,60.6,0,60.6,1.76E+11,30900,134.9887588,0,0,1,0,0,0,0,0,48,47.1,42,42,32.02440643,39.55941391
0,1,0,1,0,47.33,47.33,46,48,44.5,52,47.4,49.8,5.7,-0.3,2.9,1.9,3,1,62.2,0,0,2.04E+11,34500,140.2801094,0,0,1,0,0,0,0,0,47.3,48,46,46,32.94235611,42.51396179
0,1,0,0,0,46.5,42.5,47.67,43,46.67,46.33,51.8,41.6,5,0.6,1.9,4.1,0,1,36.5,0,0,2.44E+11,39100,148.062903,0,0,1,0,0,0,0,0,42.5,47.3,50,50,40.49794006,57.26065826
0,0,1,0,1,47.25,45,46.33,46,49.67,44,48,47.25,8.5,-0.8,1.6,3,3,0,49.1,49.1,49.1,2.68E+11,41500,153.1644293,0,0,1,0,0,0,0,0,42,42.5,54,54,47.78050613,54.57028961
0,0,0,0,1,40.33,38.33,42.67,37.33,42.33,40,45.25,40.25,5,-0.6,2.9,0.7,7,0,46.7,0,46.7,3.23E+11,48600,157.6727549,0,0,1,0,0,0,0,0,39,42,58,58,37.82814789,24.11133575
0,1,0,1,0,37,56,30.5,60.5,33,61,35,59.5,6,-0.1,3.3,3.3,2,1,55.8,0,0,57300000000,4940,43.1874642,0,0,1,0,0,0,0,0,41.1,63.3,14,14,31.83405876,60.63197327
0,1,0,0,0,62,29,52.5,34,51,40,47.33,45,4.9,-0.3,5.6,8.7,1,0,47.2,0,0,98800000000,7840,46.91052146,0,0,1,0,0,0,0,0,33.3,41.1,18,18,23.68551445,60.6064949
1,0,1,0,1,35,34.75,35.67,40.67,35.67,40.67,44.33,42,6,0,3.2,13.3,0,0,45.5,45.5,45.5,1.72E+11,12000,53.2397188,0,0,1,0,0,0,0,0,51.1,33.3,22,22,27.3406868,60.88268661
0,1,0,1,0,41,53,38.5,55.25,38.5,55.25,39.33,57.67,8.3,-2.5,4.6,3.8,2,0,50.3,0,0,2.65E+11,16500,59.94122186,0,0,1,0,0,0,0,0,41.4,51.1,26,26,26.96352577,40.24456406
0,1,0,0,0,50.5,39,49,42,41.5,48,40,50,5.7,-0.9,3.5,4.4,6,0,55.3,0,0,3.01E+11,17900,62.54736194,0,0,1,0,0,0,0,0,36.1,41.4,30,30,37.03100967,59.85458374
1,1,0,1,0,52.25,37.5,52.67,39.33,52,38.8,44.92,33.83,7.3,1,-0.1,3.1,1,0,60.9,0,0,3.94E+11,22300,65.89811347,0,0,1,0,0,0,0,0,43.3,36.1,34,34,41.54971695,43.65702057
1,0,1,0,1,50,34,51.2,35.8,52.77,35.23,52.2,35.8,5.6,0.1,2.7,2.5,5,0,49.6,49.6,49.6,5.08E+11,26700,70.73808791,0,0,1,0,0,0,0,0,37.1,43.3,38,38,42.26662445,62.20824814
0,0,0,0,1,41,47.5,42,50.25,43.62,47.23,43.73,46.87,4,-0.4,4.8,2.7,9,0,60.6,0,60.6,6.81E+11,32600,77.8118967,0,0,1,0,0,0,0,0,43.8,37.1,42,42,34.79912949,40.12090683
0,1,0,1,0,47.33,47.33,46,48,44.5,52,47.4,49.8,5.7,-0.3,2.9,1.9,3,1,62.2,0,0,8.30E+11,36900,83.76878832,0,0,1,0,0,0,0,0,38,43.8,46,46,39.89757919,33.41654587
0,1,0,0,0,46.5,42.5,47.67,43,46.67,46.33,51.8,41.6,5,0.6,1.9,4.1,0,1,36.5,0,0,1.18E+12,48600,90.47029138,0,0,1,0,0,0,0,0,38.2,38,50,50,43.35345459,23.73648262
0,0,1,0,1,47.25,45,46.33,46,49.67,44,48,47.25,8.5,-0.8,1.6,3,3,0,49.1,49.1,49.1,1.33E+12,51000,97.17179445,0,0,1,0,0,0,0,0,44,38.2,54,54,47.69152832,25.66213989
0,0,0,0,1,40.33,38.33,42.67,37.33,42.33,40,45.25,40.25,5,-0.6,2.9,0.7,7,0,46.7,0,46.7,1.57E+12,56300,103.8732975,0,0,1,0,0,0,0,0,41,44,58,58,38.05974197,22.23943329
0,1,0,1,0,37,56,30.5,60.5,33,61,35,59.5,6,-0.1,3.3,3.3,2,1,55.8,0,0,4940000000,4380,13.27492836,0,0,0,1,0,0,0,0,31.1,54.7,14,0,43.94439697,52.59892654
0,1,0,0,0,62,29,52.5,34,51,40,47.33,45,4.9,-0.3,5.6,8.7,1,0,47.2,0,0,8190000000,6650,14.51172293,0,0,0,1,0,0,0,0,26.4,31.1,18,0,40.41975021,57.12568665
1,0,1,0,1,35,34.75,35.67,40.67,35.67,40.67,44.33,42,6,0,3.2,13.3,0,0,45.5,45.5,45.5,13700000000,9310,17.33868194,0,0,0,1,0,0,0,0,33.6,26.4,22,0,29.81441116,59.75527191
0,1,0,1,0,41,53,38.5,55.25,38.5,55.25,39.33,57.67,8.3,-2.5,4.6,3.8,2,0,50.3,0,0,19800000000,12200,19.11731032,0,0,0,1,0,0,0,0,20.6,33.6,26,0,15.70074177,46.62139511
0,1,0,0,0,50.5,39,49,42,41.5,48,40,50,5.7,-0.9,3.5,4.4,6,0,55.3,0,0,25100000000,14800,19.91828204,0,0,0,1,0,0,0,0,24.7,20.6,30,0,25.23997498,44.83834076
1,1,0,1,0,52.25,37.5,52.67,39.33,52,38.8,44.92,33.83,7.3,1,-0.1,3.1,1,0,60.9,0,0,33500000000,18500,21.33176154,0,0,0,1,0,0,0,0,32,24.7,34,0,38.84420776,26.18209076
1,0,1,0,1,50,34,51.2,35.8,52.77,35.23,52.2,35.8,5.6,0.1,2.7,2.5,5,0,49.6,49.6,49.6,46700000000,23100,23.81712968,0,0,0,1,0,0,0,0,24.7,32,38,0,34.24389648,27.19796371
0,0,0,0,1,41,47.5,42,50.25,43.62,47.23,43.73,46.87,4,-0.4,4.8,2.7,9,0,60.6,0,60.6,66000000000,29600,26.30249781,0,0,0,1,0,0,0,0,33.3,24.7,42,0,28.12437057,29.36368561
0,1,0,1,0,47.33,47.33,46,48,44.5,52,47.4,49.8,5.7,-0.3,2.9,1.9,3,1,62.2,0,0,79100000000,32500,28.63473899,0,0,0,1,0,0,0,0,26.3,33.3,46,0,29.45091248,27.97786713
0,1,0,0,0,46.5,42.5,47.67,43,46.67,46.33,51.8,41.6,5,0.6,1.9,4.1,0,1,36.5,0,0,1.15E+11,42200,32.12132177,0,0,0,1,0,0,0,0,26,26.3,50,0,30.39461136,26.65995789
0,0,1,0,1,47.25,45,46.33,46,49.67,44,48,47.25,8.5,-0.8,1.6,3,3,0,49.1,49.1,49.1,1.25E+11,43800,33.64081224,0,0,0,1,0,0,0,0,34,26,54,0,28.39763069,26.65995789
0,0,0,0,1,40.33,38.33,42.67,37.33,42.33,40,45.25,40.25,5,-0.6,2.9,0.7,7,0,46.7,0,46.7,1.50E+11,49300,35.84348447,0,0,0,1,0,0,0,0,25,34,58,0,16.83948517,18.62424469
0,1,0,1,0,37,56,30.5,60.5,33,61,35,59.5,6,-0.1,3.3,3.3,2,1,55.8,0,0,2120000000,4610,47.8351476,1,0,0,0,0,0,0,0,43.5,66.3,14,0,69.11832428,66.95049286
0,1,0,0,0,62,29,52.5,34,51,40,47.33,45,4.9,-0.3,5.6,8.7,1,0,47.2,0,0,2810000000,5890,49.60296827,1,0,0,0,0,0,0,0,36.5,43.5,18,0,58.62828445,43.36016083
1,0,1,0,1,35,34.75,35.67,40.67,35.67,40.67,44.33,42,6,0,3.2,13.3,0,0,45.5,45.5,45.5,4400000000,8590,53.24259907,1,0,0,0,0,0,0,0,43.1,36.5,22,0,70.01230621,59.75053024
0,1,0,1,0,41,53,38.5,55.25,38.5,55.25,39.33,57.67,8.3,-2.5,4.6,3.8,2,0,50.3,0,0,6270000000,11800,55.11440919,1,0,0,0,0,0,0,0,38.4,43.1,26,0,62.7061882,49.2132988
0,1,0,0,0,50.5,39,49,42,41.5,48,40,50,5.7,-0.9,3.5,4.4,6,0,55.3,0,0,9160000000,16400,58.02611383,1,0,0,0,0,0,0,0,40.8,38.4,30,0,64.27153015,49.48252869
1,1,0,1,0,52.25,37.5,52.67,39.33,52,38.8,44.92,33.83,7.3,1,-0.1,3.1,1,0,60.9,0,0,11700000000,20500,59.3779767,1,0,0,0,0,0,0,0,47.6,40.8,34,0,85.27591705,66.55700684
1,0,1,0,1,50,34,51.2,35.8,52.77,35.23,52.2,35.8,5.6,0.1,2.7,2.5,5,0,49.6,49.6,49.6,13900000000,23700,60.93781847,1,0,0,0,0,0,0,0,46.1,47.6,38,0,80.20239258,63.00420761
0,0,0,0,1,41,47.5,42,50.25,43.62,47.23,43.73,46.87,4,-0.4,4.8,2.7,9,0,60.6,0,60.6,17200000000,28200,63.32957585,1,0,0,0,0,0,0,0,53.4,46.1,42,0,75.46329498,63.32938004
0,1,0,1,0,47.33,47.33,46,48,44.5,52,47.4,49.8,5.7,-0.3,2.9,1.9,3,1,62.2,0,0,21100000000,34100,64.36947036,1,0,0,0,0,0,0,0,50.6,53.4,46,0,70.95165253,66.55104065
0,1,0,0,0,46.5,42.5,47.67,43,46.67,46.33,51.8,41.6,5,0.6,1.9,4.1,0,1,36.5,0,0,24700000000,39800,64.57744926,1,0,0,0,0,0,0,0,58.9,50.6,50,0,83.11421967,54.92910004
0,0,1,0,1,47.25,45,46.33,46,49.67,44,48,47.25,8.5,-0.8,1.6,3,3,0,49.1,49.1,49.1,28100000000,44900,65.09739652,1,0,0,0,0,0,0,0,68,58.9,54,0,87.27791595,58.75832748
0,0,0,0,1,40.33,38.33,42.67,37.33,42.33,40,45.25,40.25,5,-0.6,2.9,0.7,7,0,46.7,0,46.7,30700000000,49200,64.88941762,1,0,0,0,0,0,0,0,67,68,58,0,87.82283783,69.36619568
0,1,0,1,0,37,56,30.5,60.5,33,61,35,59.5,6,-0.1,3.3,3.3,2,1,55.8,0,0,23200000000,4870,111.3970262,0,0,1,0,0,0,0,0,32.5,53.5,14,14,9.433276176,47.84331131
0,1,0,0,0,62,29,52.5,34,51,40,47.33,45,4.9,-0.3,5.6,8.7,1,0,47.2,0,0,35100000000,6950,118.1065638,0,0,1,0,0,0,0,0,30.1,32.5,18,18,9.701634407,41.93494415
1,0,1,0,1,35,34.75,35.67,40.67,35.67,40.67,44.33,42,6,0,3.2,13.3,0,0,45.5,45.5,45.5,53400000000,9960,125.3537995,0,0,1,0,0,0,0,0,48,30.1,22,22,20.29726219,43.63346863
0,1,0,1,0,41,53,38.5,55.25,38.5,55.25,39.33,57.67,8.3,-2.5,4.6,3.8,2,0,50.3,0,0,79400000000,14100,131.7360426,0,0,1,0,0,0,0,0,40.3,48,26,26,27.04561043,44.2512207
0,1,0,0,0,50.5,39,49,42,41.5,48,40,50,5.7,-0.9,3.5,4.4,6,0,55.3,0,0,1.18E+11,19600,140.5729945,0,0,1,0,0,0,0,0,37.1,40.3,30,30,26.07233238,54.13732529
1,1,0,1,0,52.25,37.5,52.67,39.33,52,38.8,44.92,33.83,7.3,1,-0.1,3.1,1,0,60.9,0,0,1.51E+11,23600,149.480081,0,0,1,0,0,0,0,0,39.2,37.1,34,34,45.01173401,55.18108749
1,0,1,0,1,50,34,51.2,35.8,52.77,35.23,52.2,35.8,5.6,0.1,2.7,2.5,5,0,49.6,49.6,49.6,1.86E+11,27900,155.862324,0,0,1,0,0,0,0,0,40.6,39.2,38,38,42.30407715,57.52155685
0,0,0,0,1,41,47.5,42,50.25,43.62,47.23,43.73,46.87,4,-0.4,4.8,2.7,9,0,60.6,0,60.6,2.50E+11,35300,165.4941341,0,0,1,0,0,0,0,0,45.1,40.6,42,42,36.50758743,41.90885925
0,1,0,1,0,47.33,47.33,46,48,44.5,52,47.4,49.8,5.7,-0.3,2.9,1.9,3,1,62.2,0,0,3.10E+11,41500,174.4947332,0,0,1,0,0,0,0,0,44.4,45.1,46,46,37.98286057,36.74110794
0,1,0,0,0,46.5,42.5,47.67,43,46.67,46.33,51.8,41.6,5,0.6,1.9,4.1,0,1,36.5,0,0,3.93E+11,50400,182.2329107,0,0,1,0,0,0,0,0,45.5,44.4,50,50,47.16495132,48.34088135
0,0,1,0,1,47.25,45,46.33,46,49.67,44,48,47.25,8.5,-0.8,1.6,3,3,0,49.1,49.1,49.1,4.32E+11,52700,191.5374262,0,0,1,0,0,0,0,0,53,45.5,54,54,60.00307465,55.13526154
0,0,0,0,1,40.33,38.33,42.67,37.33,42.33,40,45.25,40.25,5,-0.6,2.9,0.7,7,0,46.7,0,46.7,4.85E+11,57700,196.6338694,0,0,1,0,0,0,0,0,51,53,58,58,45.45991516,31.52760315
0,1,0,1,0,37,56,30.5,60.5,33,61,35,59.5,6,-0.1,3.3,3.3,2,1,55.8,0,0,18800000000,5500,47.93966727,0,0,0,1,0,0,0,0,47.2,62,14,0,59.05485916,48.75112152
0,1,0,0,0,62,29,52.5,34,51,40,47.33,45,4.9,-0.3,5.6,8.7,1,0,47.2,0,0,29300000000,8110,50.64661747,0,0,0,1,0,0,0,0,38.6,47.2,18,0,60.18930435,49.58653641
1,0,1,0,1,35,34.75,35.67,40.67,35.67,40.67,44.33,42,6,0,3.2,13.3,0,0,45.5,45.5,45.5,48700000000,11700,58.17839082,0,0,0,1,0,0,0,0,46.1,38.6,22,0,58.60728073,56.24370956
0,1,0,1,0,41,53,38.5,55.25,38.5,55.25,39.33,57.67,8.3,-2.5,4.6,3.8,2,0,50.3,0,0,67900000000,15600,60.99754621,0,0,0,1,0,0,0,0,37.3,46.1,26,0,64.85217285,64.52936554
0,1,0,0,0,50.5,39,49,42,41.5,48,40,50,5.7,-0.9,3.5,4.4,6,0,55.3,0,0,90300000000,19400,65.24731777,0,0,0,1,0,0,0,0,42.9,37.3,30,0,53.13470459,50.22771454
1,1,0,1,0,52.25,37.5,52.67,39.33,52,38.8,44.92,33.83,7.3,1,-0.1,3.1,1,0,60.9,0,0,1.26E+11,24500,72.13391128,0,0,0,1,0,0,0,0,50,42.9,34,0,69.20457458,65.88870239
1,0,1,0,1,50,34,51.2,35.8,52.77,35.23,52.2,35.8,5.6,0.1,2.7,2.5,5,0,49.6,49.6,49.6,1.55E+11,28100,77.4075552,0,0,0,1,0,0,0,0,43.4,50,38,0,65.84770966,66.6788559
0,0,0,0,1,41,47.5,42,50.25,43.62,47.23,43.73,46.87,4,-0.4,4.8,2.7,9,0,60.6,0,60.6,2.31E+11,39200,82.66717346,0,0,0,1,0,0,0,0,49.8,43.4,42,0,48.97845459,58.01064682
0,1,0,1,0,47.33,47.33,46,48,44.5,52,47.4,49.8,5.7,-0.3,2.9,1.9,3,1,62.2,0,0,2.58E+11,41700,86.81876548,0,0,0,1,0,0,0,0,50.2,49.8,46,0,38.76684189,62.39559937
0,1,0,0,0,46.5,42.5,47.67,43,46.67,46.33,51.8,41.6,5,0.6,1.9,4.1,0,1,36.5,0,0,3.46E+11,52700,92.09240939,0,0,0,1,0,0,0,0,52.8,50.2,50,0,57.47054291,59.55740356
0,0,1,0,1,47.25,45,46.33,46,49.67,44,48,47.25,8.5,-0.8,1.6,3,3,0,49.1,49.1,49.1,3.80E+11,55100,96.73489911,0,0,0,1,0,0,0,0,58,52.8,54,0,68.7725296,68.24697876
0,0,0,0,1,40.33,38.33,42.67,37.33,42.33,40,45.25,40.25,5,-0.6,2.9,0.7,7,0,46.7,0,46.7,4.70E+11,64400,102.3171073,0,0,0,1,0,0,0,0,56,58,58,0,50.62652206,65.03197479
0,1,0,1,0,37,56,30.5,60.5,33,61,35,59.5,6,-0.1,3.3,3.3,2,1,55.8,0,0,7600000000,4230,74.08159458,0,0,1,0,0,0,0,0,49.6,67.9,14,14,64.71572876,65.36720276
0,1,0,0,0,62,29,52.5,34,51,40,47.33,45,4.9,-0.3,5.6,8.7,1,0,47.2,0,0,12000000000,6550,75.60862467,0,0,1,0,0,0,0,0,36.4,49.6,18,18,46.93320847,54.2911377
1,0,1,0,1,35,34.75,35.67,40.67,35.67,40.67,44.33,42,6,0,3.2,13.3,0,0,45.5,45.5,45.5,17400000000,8920,80.4786125,0,0,1,0,0,0,0,0,58,36.4,22,22,53.12098312,53.48718262
0,1,0,1,0,41,53,38.5,55.25,38.5,55.25,39.33,57.67,8.3,-2.5,4.6,3.8,2,0,50.3,0,0,20400000000,10500,80.56115467,0,0,1,0,0,0,0,0,49.8,58,26,26,54.98810959,64.5947113
0,1,0,0,0,50.5,39,49,42,41.5,48,40,50,5.7,-0.9,3.5,4.4,6,0,55.3,0,0,23400000000,12500,77.42455233,0,0,1,0,0,0,0,0,44.6,49.8,30,30,61.62310028,64.79711914
1,1,0,1,0,52.25,37.5,52.67,39.33,52,38.8,44.92,33.83,7.3,1,-0.1,3.1,1,0,60.9,0,0,29100000000,16100,74.65938975,0,0,1,0,0,0,0,0,52.2,44.6,34,34,64.43014526,49.78564835
1,0,1,0,1,50,34,51.2,35.8,52.77,35.23,52.2,35.8,5.6,0.1,2.7,2.5,5,0,49.6,49.6,49.6,36100000000,19800,75.11337167,0,0,1,0,0,0,0,0,48.4,52.2,38,38,74.50809479,65.45942688
0,0,0,0,1,41,47.5,42,50.25,43.62,47.23,43.73,46.87,4,-0.4,4.8,2.7,9,0,60.6,0,60.6,41800000000,23100,74.61811867,0,0,1,0,0,0,0,0,51.5,48.4,42,42,63.58275986,65.42253113
0,1,0,1,0,47.33,47.33,46,48,44.5,52,47.4,49.8,5.7,-0.3,2.9,1.9,3,1,62.2,0,0,46700000000,25900,74.49430542,0,0,1,0,0,0,0,0,45.6,51.5,46,46,54.56336212,51.39051819
0,1,0,0,0,46.5,42.5,47.67,43,46.67,46.33,51.8,41.6,5,0.6,1.9,4.1,0,1,36.5,0,0,58600000000,32300,74.90701625,0,0,1,0,0,0,0,0,43.2,45.6,50,50,66.26171112,65.30432129
0,0,1,0,1,47.25,45,46.33,46,49.67,44,48,47.25,8.5,-0.8,1.6,3,3,0,49.1,49.1,49.1,68500000000,36900,76.59913067,0,0,1,0,0,0,0,0,43,43.2,54,54,79.2819519,65.30432129
0,0,0,0,1,40.33,38.33,42.67,37.33,42.33,40,45.25,40.25,5,-0.6,2.9,0.7,7,0,46.7,0,46.7,70400000000,38400,75.56735358,0,0,1,0,0,0,0,0,36,43,58,58,52.47907257,61.36820984
0,1,0,1,0,37,56,30.5,60.5,33,61,35,59.5,6,-0.1,3.3,3.3,2,1,55.8,0,0,22100000000,4880,69.10305577,0,1,0,0,0,0,0,0,44.3,62.1,14,0,51.1652565,36.65405273
0,1,0,0,0,62,29,52.5,34,51,40,47.33,45,4.9,-0.3,5.6,8.7,1,0,47.2,0,0,32300000000,7010,70.3855694,0,1,0,0,0,0,0,0,43.7,44.3,18,0,59.47006607,63.98965454
1,0,1,0,1,35,34.75,35.67,40.67,35.67,40.67,44.33,42,6,0,3.2,13.3,0,0,45.5,45.5,45.5,50100000000,10600,72.18719569,0,1,0,0,0,0,0,0,49.4,43.7,22,0,54.96306229,71.20555115
0,1,0,1,0,41,53,38.5,55.25,38.5,55.25,39.33,57.67,8.3,-2.5,4.6,3.8,2,0,50.3,0,0,63200000000,13300,72.72157637,0,1,0,0,0,0,0,0,43.2,49.4,26,0,52.92509842,50.56589508
0,1,0,0,0,50.5,39,49,42,41.5,48,40,50,5.7,-0.9,3.5,4.4,6,0,55.3,0,0,82000000000,17000,73.77506971,0,1,0,0,0,0,0,0,45,43.2,30,0,46.71246338,69.56707001
1,1,0,1,0,52.25,37.5,52.67,39.33,52,38.8,44.92,33.83,7.3,1,-0.1,3.1,1,0,60.9,0,0,1.05E+11,21000,76.23322083,0,1,0,0,0,0,0,0,51.4,45,34,0,63.13762283,49.06034851
1,0,1,0,1,50,34,51.2,35.8,52.77,35.23,52.2,35.8,5.6,0.1,2.7,2.5,5,0,49.6,49.6,49.6,1.35E+11,26100,78.99673234,0,1,0,0,0,0,0,0,41.1,51.4,38,0,57.89038849,48.20085526
0,0,0,0,1,41,47.5,42,50.25,43.62,47.23,43.73,46.87,4,-0.4,4.8,2.7,9,0,60.6,0,60.6,1.72E+11,32100,81.89765602,0,1,0,0,0,0,0,0,48.8,41.1,42,0,49.84186554,35.29813385
0,1,0,1,0,47.33,47.33,46,48,44.5,52,47.4,49.8,5.7,-0.3,2.9,1.9,3,1,62.2,0,0,2.03E+11,36800,84.12678685,0,1,0,0,0,0,0,0,47.8,48.8,46,0,50.47980499,33.32907486
0,1,0,0,0,46.5,42.5,47.67,43,46.67,46.33,51.8,41.6,5,0.6,1.9,4.1,0,1,36.5,0,0,2.44E+11,43400,85.92841314,0,1,0,0,0,0,0,0,49.7,47.8,50,0,59.73656464,48.45682144
0,0,1,0,1,47.25,45,46.33,46,49.67,44,48,47.25,8.5,-0.8,1.6,3,3,0,49.1,49.1,49.1,2.64E+11,46100,87.42467904,0,1,0,0,0,0,0,0,56,49.7,54,0,60.83742523,58.39602661
0,0,0,0,1,40.33,38.33,42.67,37.33,42.33,40,45.25,40.25,5,-0.6,2.9,0.7,7,0,46.7,0,46.7,3.05E+11,52800,88.14227595,0,1,0,0,0,0,0,0,53,56,58,0,48.9084816,26.27243423
0,1,0,1,0,37,56,30.5,60.5,33,61,35,59.5,6,-0.1,3.3,3.3,2,1,55.8,0,0,2100000000,6070,3.537361748,0,0,0,1,0,0,0,0,35.5,56.6,14,0,43.86290359,32.06155014
0,1,0,0,0,62,29,52.5,34,51,40,47.33,45,4.9,-0.3,5.6,8.7,1,0,47.2,0,0,3980000000,10200,3.997423247,0,0,0,1,0,0,0,0,30.5,35.5,18,0,24.99071503,25.20121002
1,0,1,0,1,35,34.75,35.67,40.67,35.67,40.67,44.33,42,6,0,3.2,13.3,0,0,45.5,45.5,45.5,8060000000,17000,4.856204711,0,0,0,1,0,0,0,0,39.8,30.5,22,0,35.41698837,54.70791245
0,1,0,1,0,41,53,38.5,55.25,38.5,55.25,39.33,57.67,8.3,-2.5,4.6,3.8,2,0,50.3,0,0,11600000000,22600,5.244701088,0,0,0,1,0,0,0,0,28,39.8,26,0,32.34532166,45.25954819
0,1,0,0,0,50.5,39,49,42,41.5,48,40,50,5.7,-0.9,3.5,4.4,6,0,55.3,0,0,10400000000,21700,4.907322656,0,0,0,1,0,0,0,0,28.2,28,30,0,27.53446007,45.25954819
1,1,0,1,0,52.25,37.5,52.67,39.33,52,38.8,44.92,33.83,7.3,1,-0.1,3.1,1,0,60.9,0,0,13000000000,28000,4.753968823,0,0,0,1,0,0,0,0,38,28.2,34,0,32.54878998,44.01541901
1,0,1,0,1,50,34,51.2,35.8,52.77,35.23,52.2,35.8,5.6,0.1,2.7,2.5,5,0,49.6,49.6,49.6,14600000000,30400,4.907322656,0,0,0,1,0,0,0,0,34,38,38,0,45.52243805,44.38793182
0,0,0,0,1,41,47.5,42,50.25,43.62,47.23,43.73,46.87,4,-0.4,4.8,2.7,9,0,60.6,0,60.6,15700000000,31800,5.0504529,0,0,0,1,0,0,0,0,36.8,34,42,0,31.14620781,28.52112579
0,1,0,1,0,47.33,47.33,46,48,44.5,52,47.4,49.8,5.7,-0.3,2.9,1.9,3,1,62.2,0,0,21000000000,41700,5.1424652,0,0,0,1,0,0,0,0,27.7,36.8,46,0,23.74302483,24.88262939
0,1,0,0,0,46.5,42.5,47.67,43,46.67,46.33,51.8,41.6,5,0.6,1.9,4.1,0,1,36.5,0,0,36600000000,68700,5.449172866,0,0,0,1,0,0,0,0,29.1,27.7,50,0,27.26397514,46.39821625
0,0,1,0,1,47.25,45,46.33,46,49.67,44,48,47.25,8.5,-0.8,1.6,3,3,0,49.1,49.1,49.1,39400000000,68300,5.899010776,0,0,0,1,0,0,0,0,32,29.1,54,0,29.48713112,44.73088074
0,0,0,0,1,40.33,38.33,42.67,37.33,42.33,40,45.25,40.25,5,-0.6,2.9,0.7,7,0,46.7,0,46.7,37800000000,64700,5.970575898,0,0,0,1,0,0,0,0,28,32,58,0,24.09679222,20.55667114
